fits_file,detector,type,x_min,y_min,x_max,y_max,centroid_x,centroid_y,width,height,area,fill_ratio,aspect_ratio,mean_intensity,max_intensity,priority,label,fragment_count
EUC_SIR_W-SCIFRM_BKGSUB_2681_11832_3_RGS180_0_2024-10-31T17:44:11.173589Z_det0,DET11.SCI,confident,1942,1368,1969,1438,1955.569471624266,1410.890410958904,27,70,511.0,0.27037037037037037,0.38571428571428573,0.5395231226014393,1.0,275.6963156493355,6,4
EUC_SIR_W-SCIFRM_BKGSUB_2681_11832_3_RGS180_0_2024-10-31T17:44:11.173589Z_det0,DET11.SCI,confident,1314,1311,1348,1335,1335.2753623188405,1322.036231884058,34,24,276.0,0.3382352941176471,1.4166666666666667,0.5813803310608671,1.0,160.46097137279932,13,1
EUC_SIR_W-SCIFRM_BKGSUB_2681_11832_3_RGS180_0_2024-10-31T17:44:11.173589Z_det0,DET11.SCI,confident,1066,561,1087,576,1076.4,567.2971428571428,21,15,175.0,0.5555555555555556,1.4,0.752504663448135,1.0,131.68831610342363,17,1
EUC_SIR_W-SCIFRM_BKGSUB_2681_11832_3_RGS180_0_2024-10-31T17:44:11.173589Z_det0,DET11.SCI,confident,742,411,757,442,749.4682926829269,427.94146341463414,15,31,205.0,0.44086021505376344,0.4838709677419355,0.619577959004928,1.0,127.01348159601024,20,1
EUC_SIR_W-SCIFRM_BKGSUB_2681_11832_3_RGS180_0_2024-10-31T17:44:11.173589Z_det0,DET11.SCI,confident,1794,605,1822,640,1805.047393364929,628.3601895734597,28,35,211.0,0.2153061224489796,0.8,0.6414480415610434,1.0,135.34553676938015,21,2
EUC_SIR_W-SCIFRM_BKGSUB_2681_11832_3_RGS180_0_2024-10-31T17:44:11.173589Z_det0,DET11.SCI,confident,1394,3,1445,32,1417.6739811912225,16.648902821316614,51,29,319.0,0.21568627450980393,1.7586206896551724,0.5788129716104349,1.0,184.64133794372873,23,5
EUC_SIR_W-SCIFRM_BKGSUB_2681_11832_3_RGS180_0_2024-10-31T17:44:11.173589Z_det0,DET11.SCI,confident,615,853,638,867,625.4640883977901,859.414364640884,23,14,181.0,0.562111801242236,1.6428571428571428,0.6590962563065098,1.0,119.29642239147827,25,1
EUC_SIR_W-SCIFRM_BKGSUB_2681_11832_3_RGS180_0_2024-10-31T17:44:11.173589Z_det0,DET11.SCI,confident,123,296,160,345,139.66735112936345,319.47843942505136,37,49,487.0,0.26861555432984,0.7551020408163265,0.40383847871637185,1.0,196.6693391348731,30,2
EUC_SIR_W-SCIFRM_BKGSUB_2681_11832_3_RGS180_0_2024-10-31T17:44:11.173589Z_det0,DET11.SCI,confident,617,1303,651,1320,628.4285714285714,1311.1326530612246,34,17,196.0,0.3391003460207612,2.0,0.5311043937574561,1.0,104.0964611764614,32,1
EUC_SIR_W-SCIFRM_BKGSUB_2681_11832_3_RGS180_0_2024-10-31T17:44:11.173589Z_det0,DET11.SCI,confident,478,873,509,885,493.3719008264463,878.9173553719008,31,12,121.0,0.32526881720430106,2.5833333333333335,0.7148565009746719,1.0,86.4976366179353,38,1
EUC_SIR_W-SCIFRM_BKGSUB_2681_11832_3_RGS180_0_2024-10-31T17:44:11.173589Z_det0,DET11.SCI,confident,911,21,951,34,927.6141732283464,27.1496062992126,40,13,127.0,0.24423076923076922,3.076923076923077,0.7288739673091146,1.0,92.56699384825755,50,2
EUC_SIR_W-SCIFRM_BKGSUB_2681_11832_3_RGS180_0_2024-10-31T17:44:11.173589Z_det0,DET11.SCI,confident,1230,1108,1272,1128,1247.494623655914,1117.3548387096773,42,20,186.0,0.22142857142857142,2.1,0.44403256643311817,1.0,82.59005735655998,51,2
EUC_SIR_W-SCIFRM_BKGSUB_2681_11832_3_RGS180_0_2024-10-31T17:44:11.173589Z_det0,DET11.SCI,confident,1825,686,1853,702,1838.5859872611466,695.2993630573249,28,16,157.0,0.35044642857142855,1.75,0.3889404776688878,1.0,61.06365499401538,53,1
EUC_SIR_W-SCIFRM_BKGSUB_2681_11832_3_RGS180_0_2024-10-31T17:44:11.173589Z_det0,DET11.SCI,confident,387,1118,430,1128,408.21505376344084,1122.6236559139784,43,10,93.0,0.21627906976744185,4.3,0.6486042267366848,1.0,60.320193086511686,56,1
EUC_SIR_W-SCIFRM_BKGSUB_2681_11832_3_RGS180_0_2024-10-31T17:44:11.173589Z_det0,DET11.SCI,confident,337,1631,350,1645,343.5625,1638.6458333333333,13,14,96.0,0.5274725274725275,0.9285714285714286,0.5920798081599451,1.0,56.839661583354726,62,1
EUC_SIR_W-SCIFRM_BKGSUB_2681_11832_3_RGS180_0_2024-10-31T17:44:11.173589Z_det0,DET11.SCI,confident,591,1674,614,1693,600.2666666666667,1682.1818181818182,23,19,165.0,0.37757437070938216,1.2105263157894737,0.5709658104450714,1.0,94.2093587234368,63,2
EUC_SIR_W-SCIFRM_BKGSUB_2681_11832_3_RGS180_0_2024-10-31T17:44:11.173589Z_det0,DET11.SCI,confident,240,1427,281,1435,261.5421686746988,1430.9638554216867,41,8,83.0,0.2530487804878049,5.125,0.6825513073946368,1.0,56.65175851375485,65,1
EUC_SIR_W-SCIFRM_BKGSUB_2681_11832_3_RGS180_0_2024-10-31T17:44:11.173589Z_det0,DET11.SCI,confident,694,1083,718,1096,704.9115044247787,1090.353982300885,24,13,113.0,0.36217948717948717,1.8461538461538463,0.49275855437372,1.0,55.68171664423036,68,1
EUC_SIR_W-SCIFRM_BKGSUB_2681_11832_3_RGS180_0_2024-10-31T17:44:11.173589Z_det0,DET11.SCI,confident,791,968,813,985,800.3355263157895,975.2302631578947,22,17,152.0,0.40641711229946526,1.2941176470588236,0.4668898466080796,1.0,70.9672566844281,70,2
EUC_SIR_W-SCIFRM_BKGSUB_2681_11832_3_RGS180_0_2024-10-31T17:44:11.173589Z_det0,DET11.SCI,confident,137,1040,152,1052,143.8,1045.3809523809523,15,12,105.0,0.5833333333333334,1.25,0.4915170583887532,1.0,51.60929113081909,75,1
EUC_SIR_W-SCIFRM_BKGSUB_2681_11832_3_RGS180_0_2024-10-31T17:44:11.173589Z_det0,DET11.SCI,confident,93,1082,111,1106,101.5,1093.3524590163934,18,24,122.0,0.2824074074074074,0.75,0.4092011267818004,1.0,49.92253746737965,76,1
EUC_SIR_W-SCIFRM_BKGSUB_2681_11832_3_RGS180_0_2024-10-31T17:44:11.173589Z_det0,DET11.SCI,confident,34,1095,58,1103,46.083333333333336,1099.404761904762,24,8,84.0,0.4375,3.0,0.5632614050155229,1.0,47.313958021303925,81,1
EUC_SIR_W-SCIFRM_BKGSUB_2681_11832_3_RGS180_0_2024-10-31T17:44:11.173589Z_det0,DET11.SCI,confident,508,379,537,387,523.5064935064935,382.68831168831167,29,8,77.0,0.33189655172413796,3.625,0.6068092509839667,1.0,46.72431232576543,82,1
EUC_SIR_W-SCIFRM_BKGSUB_2681_11832_3_RGS180_0_2024-10-31T17:44:11.173589Z_det0,DET11.SCI,confident,659,1982,671,2004,665.081081081081,1994.2252252252251,12,22,111.0,0.42045454545454547,0.5454545454545454,0.4177705722541026,1.0,46.37253352020539,83,1
EUC_SIR_W-SCIFRM_BKGSUB_2681_11832_3_RGS180_0_2024-10-31T17:44:11.173589Z_det0,DET11.SCI,confident,169,25,208,35,186.6341463414634,28.5609756097561,39,10,82.0,0.21025641025641026,3.9,0.5578219637649862,1.0,45.741401028728866,84,1
EUC_SIR_W-SCIFRM_BKGSUB_2681_11832_3_RGS180_0_2024-10-31T17:44:11.173589Z_det0,DET11.SCI,confident,1223,271,1233,290,1227.3846153846155,279.97802197802196,10,19,91.0,0.4789473684210526,0.5263157894736842,0.49647054065676405,0.973137758084351,45.17881919976553,85,1
EUC_SIR_W-SCIFRM_BKGSUB_2681_11832_3_RGS180_0_2024-10-31T17:44:11.173589Z_det0,DET11.SCI,confident,1876,2,1899,8,1886.267857142857,4.821428571428571,23,6,56.0,0.4057971014492754,3.8333333333333335,0.7584006128752391,1.0,42.470434321013386,92,1
EUC_SIR_W-SCIFRM_BKGSUB_2681_11832_3_RGS180_0_2024-10-31T17:44:11.173589Z_det0,DET11.SCI,confident,1517,223,1537,229,1526.78125,225.984375,20,6,64.0,0.5333333333333333,3.3333333333333335,0.6261838205659928,1.0,40.075764516223536,97,1
EUC_SIR_W-SCIFRM_BKGSUB_2681_11832_3_RGS180_0_2024-10-31T17:44:11.173589Z_det0,DET11.SCI,confident,186,844,199,863,192.43529411764706,851.9882352941177,13,19,85.0,0.3441295546558704,0.6842105263157895,0.44717916223104626,1.0,38.01022878963893,99,1
EUC_SIR_W-SCIFRM_BKGSUB_2681_11832_3_RGS180_0_2024-10-31T17:44:11.173589Z_det0,DET11.SCI,confident,275,844,298,852,285.66129032258067,847.983870967742,23,8,62.0,0.33695652173913043,2.875,0.5970875451697095,1.0,37.01942780052199,103,1
EUC_SIR_W-SCIFRM_BKGSUB_2681_11832_3_RGS180_0_2024-10-31T17:44:11.173589Z_det0,DET11.SCI,confident,1996,187,2023,193,2009.8428571428572,189.12857142857143,27,6,70.0,0.43209876543209874,4.5,0.5201329054897641,1.0,36.40930338428349,105,1
EUC_SIR_W-SCIFRM_BKGSUB_2681_11832_3_RGS180_0_2024-10-31T17:44:11.173589Z_det0,DET11.SCI,confident,94,252,114,261,104.11940298507463,257.05970149253733,20,9,67.0,0.37222222222222223,2.2222222222222223,0.5351377324678954,1.0,35.85422807534899,106,1
EUC_SIR_W-SCIFRM_BKGSUB_2681_11832_3_RGS180_0_2024-10-31T17:44:11.173589Z_det0,DET11.SCI,confident,24,685,44,731,34.13157894736842,707.0736842105263,20,46,190.0,0.20652173913043478,0.43478260869565216,0.36802214285470397,1.0,69.92420714239375,107,2
EUC_SIR_W-SCIFRM_BKGSUB_2681_11832_3_RGS180_0_2024-10-31T17:44:11.173589Z_det0,DET11.SCI,confident,306,1302,319,1322,312.94059405940595,1311.8217821782177,13,20,101.0,0.38846153846153847,0.65,0.3465841600247557,1.0,35.00500016250033,108,1
EUC_SIR_W-SCIFRM_BKGSUB_2681_11832_3_RGS180_0_2024-10-31T17:44:11.173589Z_det0,DET11.SCI,confident,1469,800,1490,806,1478.9411764705883,802.9607843137255,21,6,51.0,0.40476190476190477,3.5,0.671266875280195,1.0,34.23461063928995,109,1
EUC_SIR_W-SCIFRM_BKGSUB_2681_11832_3_RGS180_0_2024-10-31T17:44:11.173589Z_det0,DET11.SCI,confident,96,422,118,430,106.5,425.046875,22,8,64.0,0.36363636363636365,2.75,0.5192391868228426,1.0,33.23130795666193,110,1
EUC_SIR_W-SCIFRM_BKGSUB_2681_11832_3_RGS180_0_2024-10-31T17:44:11.173589Z_det0,DET11.SCI,confident,577,636,593,658,585.4188034188035,646.5982905982906,16,22,117.0,0.33238636363636365,0.7272727272727273,0.2780588413319691,1.0,32.53288443584039,111,1
EUC_SIR_W-SCIFRM_BKGSUB_2681_11832_3_RGS180_0_2024-10-31T17:44:11.173589Z_det0,DET11.SCI,confident,1878,779,1900,790,1888.9166666666667,783.4861111111111,22,11,72.0,0.2975206611570248,2.0,0.44781001521989544,1.0,32.24232109583247,112,1
EUC_SIR_W-SCIFRM_BKGSUB_2681_11832_3_RGS180_0_2024-10-31T17:44:11.173589Z_det0,DET11.SCI,confident,622,186,656,196,636.8913043478261,189.56521739130434,34,10,92.0,0.27058823529411763,3.4,0.3432681333003609,0.9567680445302248,31.5806682636332,115,1
EUC_SIR_W-SCIFRM_BKGSUB_2681_11832_3_RGS180_0_2024-10-31T17:44:11.173589Z_det0,DET11.SCI,confident,1322,1231,1345,1239,1331.7241379310344,1234.3275862068965,23,8,58.0,0.31521739130434784,2.875,0.5386978612039023,1.0,31.24447594982633,118,1
EUC_SIR_W-SCIFRM_BKGSUB_2681_11832_3_RGS180_0_2024-10-31T17:44:11.173589Z_det0,DET11.SCI,confident,1891,155,1922,164,1903.3333333333333,158.61111111111111,31,9,72.0,0.25806451612903225,3.4444444444444446,0.4214221995670227,1.0,30.342398368825634,119,1
EUC_SIR_W-SCIFRM_BKGSUB_2681_11832_3_RGS180_0_2024-10-31T17:44:11.173589Z_det0,DET11.SCI,confident,1174,217,1201,243,1188.6627218934912,229.10650887573965,27,26,169.0,0.24074074074074073,1.0384615384615385,0.2499995340506928,0.6782946243423322,42.249921254567084,121,2
EUC_SIR_W-SCIFRM_BKGSUB_2681_11832_3_RGS180_0_2024-10-31T17:44:11.173589Z_det0,DET11.SCI,confident,105,1519,128,1532,114.88059701492537,1524.94776119403,23,13,134.0,0.44816053511705684,1.7692307692307692,0.4328230794231864,1.0,57.99829264270697,122,2
EUC_SIR_W-SCIFRM_BKGSUB_2681_11832_3_RGS180_0_2024-10-31T17:44:11.173589Z_det0,DET11.SCI,confident,1783,938,1805,946,1793.122807017544,940.8245614035088,22,8,57.0,0.32386363636363635,2.75,0.5229914375435922,1.0,29.810511939984757,123,1
EUC_SIR_W-SCIFRM_BKGSUB_2681_11832_3_RGS180_0_2024-10-31T17:44:11.173589Z_det0,DET11.SCI,confident,247,433,257,440,251.41860465116278,436.04651162790697,10,7,43.0,0.6142857142857143,1.4285714285714286,0.66302400113544,1.0,28.51003204882392,125,1
EUC_SIR_W-SCIFRM_BKGSUB_2681_11832_3_RGS180_0_2024-10-31T17:44:11.173589Z_det0,DET11.SCI,confident,1730,2004,1756,2015,1742.2622950819673,2007.8196721311476,26,11,61.0,0.21328671328671328,2.3636363636363638,0.45878532759756396,1.0,27.9859049834514,127,1
EUC_SIR_W-SCIFRM_BKGSUB_2681_11832_3_RGS180_0_2024-10-31T17:44:11.173589Z_det0,DET11.SCI,confident,541,1077,565,1084,552.9298245614035,1080.6315789473683,24,7,57.0,0.3392857142857143,3.4285714285714284,0.48813239703909056,1.0,27.82354663122816,128,1
EUC_SIR_W-SCIFRM_BKGSUB_2681_11832_3_RGS180_0_2024-10-31T17:44:11.173589Z_det0,DET11.SCI,confident,189,1830,210,1834,199.3170731707317,1832.0487804878048,21,4,41.0,0.4880952380952381,5.25,0.6612719469784942,1.0,27.112149826118262,131,1
EUC_SIR_W-SCIFRM_BKGSUB_2681_11832_3_RGS180_0_2024-10-31T17:44:11.173589Z_det0,DET11.SCI,confident,1268,300,1283,315,1276.1149425287356,308.0919540229885,15,15,87.0,0.38666666666666666,1.0,0.30970083340429866,1.0,26.943972506173985,132,1
EUC_SIR_W-SCIFRM_BKGSUB_2681_11832_3_RGS180_0_2024-10-31T17:44:11.173589Z_det0,DET11.SCI,confident,672,1993,682,2000,677.0238095238095,1996.7857142857142,10,7,42.0,0.6,1.4285714285714286,0.6363035060749656,1.0,26.724747255148554,134,1
EUC_SIR_W-SCIFRM_BKGSUB_2681_11832_3_RGS180_0_2024-10-31T17:44:11.173589Z_det0,DET11.SCI,confident,986,1221,1000,1228,992.5217391304348,1224.4782608695652,14,7,46.0,0.46938775510204084,2.0,0.5788133027845873,1.0,26.625411928091015,136,1
EUC_SIR_W-SCIFRM_BKGSUB_2681_11832_3_RGS180_0_2024-10-31T17:44:11.173589Z_det0,DET11.SCI,confident,1262,1986,1284,1993,1272.5,1988.6458333333333,22,7,48.0,0.3116883116883117,3.142857142857143,0.5488978577113088,1.0,26.347097170142824,138,1
EUC_SIR_W-SCIFRM_BKGSUB_2681_11832_3_RGS180_0_2024-10-31T17:44:11.173589Z_det0,DET11.SCI,confident,1444,530,1462,537,1452.490909090909,532.6,18,7,55.0,0.4365079365079365,2.5714285714285716,0.47191580612587725,1.0,25.955369336923248,140,1
EUC_SIR_W-SCIFRM_BKGSUB_2681_11832_3_RGS180_0_2024-10-31T17:44:11.173589Z_det0,DET11.SCI,confident,503,1481,514,1494,507.76785714285717,1487.9107142857142,11,13,56.0,0.3916083916083916,0.8461538461538461,0.4621359867737148,1.0,25.87961525932803,141,1
EUC_SIR_W-SCIFRM_BKGSUB_2681_11832_3_RGS180_0_2024-10-31T17:44:11.173589Z_det0,DET11.SCI,confident,790,556,810,565,799.6851851851852,559.6851851851852,20,9,54.0,0.3,2.2222222222222223,0.45941557312616155,1.0,24.808440948812724,145,1
EUC_SIR_W-SCIFRM_BKGSUB_2681_11832_3_RGS180_0_2024-10-31T17:44:11.173589Z_det0,DET11.SCI,confident,912,1011,931,1026,921.3736263736264,1018.3626373626373,19,15,91.0,0.3192982456140351,1.2666666666666666,0.2683732710605231,0.912555369956856,24.4219676665076,147,1
EUC_SIR_W-SCIFRM_BKGSUB_2681_11832_3_RGS180_0_2024-10-31T17:44:11.173589Z_det0,DET11.SCI,confident,529,637,548,649,536.9285714285714,642.4142857142857,19,12,70.0,0.30701754385964913,1.5833333333333333,0.3434506986290322,1.0,24.041548904032254,151,1
EUC_SIR_W-SCIFRM_BKGSUB_2681_11832_3_RGS180_0_2024-10-31T17:44:11.173589Z_det0,DET11.SCI,confident,1426,1766,1445,1777,1435.5283018867924,1771.245283018868,19,11,53.0,0.2535885167464115,1.7272727272727273,0.44639134246975165,1.0,23.658741150896837,153,1
EUC_SIR_W-SCIFRM_BKGSUB_2681_11832_3_RGS180_0_2024-10-31T17:44:11.173589Z_det0,DET11.SCI,confident,1877,1457,1890,1465,1883.2407407407406,1460.1666666666667,13,8,54.0,0.5192307692307693,1.625,0.43689056367464696,1.0,23.592090438430937,154,1
EUC_SIR_W-SCIFRM_BKGSUB_2681_11832_3_RGS180_0_2024-10-31T17:44:11.173589Z_det0,DET11.SCI,confident,840,836,859,844,850.26,841.34,19,8,50.0,0.32894736842105265,2.375,0.4644187959550525,1.0,23.220939797752624,157,1
EUC_SIR_W-SCIFRM_BKGSUB_2681_11832_3_RGS180_0_2024-10-31T17:44:11.173589Z_det0,DET11.SCI,confident,1342,1927,1357,1934,1349.5094339622642,1930.0,15,7,53.0,0.5047619047619047,2.142857142857143,0.43617077932959775,1.0,23.11705130446868,159,1
EUC_SIR_W-SCIFRM_BKGSUB_2681_11832_3_RGS180_0_2024-10-31T17:44:11.173589Z_det0,DET11.SCI,confident,1513,304,1523,316,1518.0833333333333,307.9791666666667,10,12,48.0,0.4,0.8333333333333334,0.47604157745612463,1.0,22.849995717893982,160,1
EUC_SIR_W-SCIFRM_BKGSUB_2681_11832_3_RGS180_0_2024-10-31T17:44:11.173589Z_det0,DET11.SCI,confident,1539,449,1562,454,1550.1836734693877,451.0612244897959,23,5,49.0,0.4260869565217391,4.6,0.4576731855347246,1.0,22.425986091201505,165,1
EUC_SIR_W-SCIFRM_BKGSUB_2681_11832_3_RGS180_0_2024-10-31T17:44:11.173589Z_det0,DET11.SCI,confident,30,327,40,339,34.08510638297872,332.531914893617,10,12,47.0,0.39166666666666666,0.8333333333333334,0.47472859082405405,1.0,22.31224376873054,166,1
EUC_SIR_W-SCIFRM_BKGSUB_2681_11832_3_RGS180_0_2024-10-31T17:44:11.173589Z_det0,DET11.SCI,confident,1764,1869,1809,1881,1783.320610687023,1874.7175572519084,45,12,131.0,0.24259259259259258,3.75,0.30525150019305275,0.915186455358324,39.98794652528991,171,2
EUC_SIR_W-SCIFRM_BKGSUB_2681_11832_3_RGS180_0_2024-10-31T17:44:11.173589Z_det0,DET11.SCI,confident,244,1971,262,1975,252.76,1972.92,18,4,25.0,0.3472222222222222,4.5,0.8489331225296491,1.0,21.22332806324123,172,1
EUC_SIR_W-SCIFRM_BKGSUB_2681_11832_3_RGS180_0_2024-10-31T17:44:11.173589Z_det0,DET11.SCI,confident,1634,1715,1652,1726,1642.4032258064517,1719.5,18,11,62.0,0.31313131313131315,1.6363636363636365,0.33536691589814716,1.0,20.792748785685124,176,1
EUC_SIR_W-SCIFRM_BKGSUB_2681_11832_3_RGS180_0_2024-10-31T17:44:11.173589Z_det0,DET11.SCI,confident,315,1325,340,1337,329.9736842105263,1331.092105263158,25,12,76.0,0.25333333333333335,2.0833333333333335,0.27247285072226046,0.8934629117908895,20.707936654891796,178,1
EUC_SIR_W-SCIFRM_BKGSUB_2681_11832_3_RGS180_0_2024-10-31T17:44:11.173589Z_det0,DET11.SCI,confident,809,676,826,690,817.5873015873016,683.1428571428571,17,14,63.0,0.2647058823529412,1.2142857142857142,0.32634796597503063,1.0,20.55992185642693,179,1
EUC_SIR_W-SCIFRM_BKGSUB_2681_11832_3_RGS180_0_2024-10-31T17:44:11.173589Z_det0,DET11.SCI,confident,182,881,197,890,188.67567567567568,885.3513513513514,15,9,37.0,0.2740740740740741,1.6666666666666667,0.5552652798967349,1.0,20.544815356179193,180,1
EUC_SIR_W-SCIFRM_BKGSUB_2681_11832_3_RGS180_0_2024-10-31T17:44:11.173589Z_det0,DET11.SCI,confident,795,951,816,957,804.4285714285714,953.7551020408164,21,6,49.0,0.3888888888888889,3.5,0.41762328740841387,1.0,20.46354108301228,181,1
EUC_SIR_W-SCIFRM_BKGSUB_2681_11832_3_RGS180_0_2024-10-31T17:44:11.173589Z_det0,DET11.SCI,confident,1502,1659,1514,1670,1508.0,1664.9038461538462,12,11,52.0,0.3939393939393939,1.0909090909090908,0.3914562620229965,1.0,20.355725625195817,183,1
EUC_SIR_W-SCIFRM_BKGSUB_2681_11832_3_RGS180_0_2024-10-31T17:44:11.173589Z_det0,DET11.SCI,confident,822,1391,832,1402,826.3538461538461,1395.5076923076922,10,11,65.0,0.5909090909090909,0.9090909090909091,0.31230237057346116,0.7708794373848482,20.299654087274977,184,1
EUC_SIR_W-SCIFRM_BKGSUB_2681_11832_3_RGS180_0_2024-10-31T17:44:11.173589Z_det0,DET11.SCI,confident,1328,1793,1339,1801,1332.3809523809523,1796.8333333333333,11,8,42.0,0.4772727272727273,1.375,0.4824658984419406,1.0,20.263567734561505,185,1
EUC_SIR_W-SCIFRM_BKGSUB_2681_11832_3_RGS180_0_2024-10-31T17:44:11.173589Z_det0,DET11.SCI,confident,804,1321,818,1327,809.8108108108108,1324.3783783783783,14,6,37.0,0.44047619047619047,2.3333333333333335,0.5453528751907822,1.0,20.178056382058944,186,1
EUC_SIR_W-SCIFRM_BKGSUB_2681_11832_3_RGS180_0_2024-10-31T17:44:11.173589Z_det0,DET11.SCI,confident,409,1538,419,1547,413.39130434782606,1542.9565217391305,10,9,46.0,0.5111111111111111,1.1111111111111112,0.43550852144918595,1.0,20.033391986662554,187,1
EUC_SIR_W-SCIFRM_BKGSUB_2681_11832_3_RGS180_0_2024-10-31T17:44:11.173589Z_det0,DET11.SCI,confident,16,953,38,960,26.074074074074073,955.9444444444445,22,7,54.0,0.35064935064935066,3.142857142857143,0.3655539454825284,1.0,19.739913056056533,188,1
EUC_SIR_W-SCIFRM_BKGSUB_2681_11832_3_RGS180_0_2024-10-31T17:44:11.173589Z_det0,DET11.SCI,confident,1313,1582,1325,1590,1317.804347826087,1584.9565217391305,12,8,46.0,0.4791666666666667,1.5,0.42098268578908205,1.0,19.365203546297774,191,1
EUC_SIR_W-SCIFRM_BKGSUB_2681_11832_3_RGS180_0_2024-10-31T17:44:11.173589Z_det0,DET11.SCI,confident,1343,21,1355,29,1347.516129032258,24.225806451612904,12,8,31.0,0.3229166666666667,1.5,0.6226042541230377,1.0,19.30073187781417,192,1
EUC_SIR_W-SCIFRM_BKGSUB_2681_11832_3_RGS180_0_2024-10-31T17:44:11.173589Z_det0,DET11.SCI,confident,1366,1747,1382,1759,1373.857142857143,1751.7142857142858,16,12,56.0,0.2916666666666667,1.3333333333333333,0.34378272265240345,1.0,19.251832468534595,193,1
EUC_SIR_W-SCIFRM_BKGSUB_2681_11832_3_RGS180_0_2024-10-31T17:44:11.173589Z_det0,DET11.SCI,confident,355,838,373,858,362.6666666666667,847.6153846153846,18,20,78.0,0.21666666666666667,0.9,0.24537866525589302,0.6637804660571677,19.139535889959657,194,1
EUC_SIR_W-SCIFRM_BKGSUB_2681_11832_3_RGS180_0_2024-10-31T17:44:11.173589Z_det0,DET11.SCI,confident,1595,1862,1614,1870,1605.0212765957447,1865.063829787234,19,8,47.0,0.3092105263157895,2.375,0.3971607416734955,1.0,18.66655485865429,198,1
EUC_SIR_W-SCIFRM_BKGSUB_2681_11832_3_RGS180_0_2024-10-31T17:44:11.173589Z_det0,DET11.SCI,confident,1598,989,1607,996,1601.6363636363637,991.7575757575758,9,7,33.0,0.5238095238095238,1.2857142857142858,0.5588341475853661,1.0,18.44152687031708,199,1
EUC_SIR_W-SCIFRM_BKGSUB_2681_11832_3_RGS180_0_2024-10-31T17:44:11.173589Z_det0,DET11.SCI,confident,362,876,377,882,368.3448275862069,878.8965517241379,15,6,29.0,0.32222222222222224,2.5,0.6262099957928784,1.0,18.160089877993475,200,1
EUC_SIR_W-SCIFRM_BKGSUB_2681_11832_3_RGS180_0_2024-10-31T17:44:11.173589Z_det0,DET11.SCI,confident,442,1596,455,1604,448.0967741935484,1599.3387096774193,13,8,62.0,0.5961538461538461,1.625,0.2916079996110253,0.6927283089478817,18.079695975883567,201,1
EUC_SIR_W-SCIFRM_BKGSUB_2681_11832_3_RGS180_0_2024-10-31T17:44:11.173589Z_det0,DET11.SCI,confident,67,1595,79,1604,73.06557377049181,1599.0983606557377,12,9,61.0,0.5648148148148148,1.3333333333333333,0.2931056572223774,0.6340222936049245,17.87944509056502,202,1
EUC_SIR_W-SCIFRM_BKGSUB_2681_11832_3_RGS180_0_2024-10-31T17:44:11.173589Z_det0,DET11.SCI,confident,1394,274,1407,287,1399.4492753623188,280.2608695652174,13,13,69.0,0.40828402366863903,1.0,0.2548760570548977,0.651826240769487,17.58644793678794,206,1
EUC_SIR_W-SCIFRM_BKGSUB_2681_11832_3_RGS180_0_2024-10-31T17:44:11.173589Z_det0,DET11.SCI,confident,361,1433,371,1442,365.6190476190476,1436.8095238095239,10,9,42.0,0.4666666666666667,1.1111111111111112,0.4145464741342163,1.0,17.410951913637085,207,1
EUC_SIR_W-SCIFRM_BKGSUB_2681_11832_3_RGS180_0_2024-10-31T17:44:11.173589Z_det0,DET11.SCI,confident,42,382,53,393,47.5,388.12,11,11,50.0,0.4132231404958678,1.0,0.34804771494285325,1.0,17.402385747142663,208,1
EUC_SIR_W-SCIFRM_BKGSUB_2681_11832_3_RGS180_0_2024-10-31T17:44:11.173589Z_det0,DET11.SCI,confident,631,634,661,643,645.5,638.1607142857143,30,9,56.0,0.2074074074074074,3.3333333333333335,0.5352854118084116,1.0,29.97598306127105,209,2
EUC_SIR_W-SCIFRM_BKGSUB_2681_11832_3_RGS180_0_2024-10-31T17:44:11.173589Z_det0,DET11.SCI,confident,814,1891,827,1902,819.9791666666666,1896.4375,13,11,48.0,0.3356643356643357,1.1818181818181819,0.3616739217967466,1.0,17.360348246243838,210,1
EUC_SIR_W-SCIFRM_BKGSUB_2681_11832_3_RGS180_0_2024-10-31T17:44:11.173589Z_det0,DET11.SCI,confident,406,7,418,16,411.38,11.6,12,9,50.0,0.46296296296296297,1.3333333333333333,0.34588748110770906,0.7492419602624075,17.294374055385454,211,1
EUC_SIR_W-SCIFRM_BKGSUB_2681_11832_3_RGS180_0_2024-10-31T17:44:11.173589Z_det0,DET11.SCI,confident,573,1914,595,1921,583.972602739726,1917.4383561643835,22,7,73.0,0.474025974025974,3.142857142857143,0.4560811850878489,1.0,33.29392651141297,214,2
EUC_SIR_W-SCIFRM_BKGSUB_2681_11832_3_RGS180_0_2024-10-31T17:44:11.173589Z_det0,DET11.SCI,confident,127,595,134,605,130.125,598.9,7,10,40.0,0.5714285714285714,0.7,0.42889104374858816,1.0,17.155641749943527,215,1
EUC_SIR_W-SCIFRM_BKGSUB_2681_11832_3_RGS180_0_2024-10-31T17:44:11.173589Z_det0,DET11.SCI,confident,77,316,90,327,82.25,322.125,13,11,48.0,0.3356643356643357,1.1818181818181819,0.3572955286365143,1.0,17.150185374552688,216,1
EUC_SIR_W-SCIFRM_BKGSUB_2681_11832_3_RGS180_0_2024-10-31T17:44:11.173589Z_det0,DET11.SCI,confident,839,1728,852,1739,844.5616438356165,1732.7534246575342,13,11,73.0,0.5104895104895105,1.1818181818181819,0.23322498055552907,0.8307857223199018,17.02542358055362,219,1
EUC_SIR_W-SCIFRM_BKGSUB_2681_11832_3_RGS180_0_2024-10-31T17:44:11.173589Z_det0,DET11.SCI,confident,515,1485,525,1490,520.2666666666667,1487.4,10,5,30.0,0.6,2.0,0.5669072653063585,1.0,17.007217959190754,220,1
EUC_SIR_W-SCIFRM_BKGSUB_2681_11832_3_RGS180_0_2024-10-31T17:44:11.173589Z_det0,DET11.SCI,confident,450,826,459,836,454.5897435897436,829.8461538461538,9,10,39.0,0.43333333333333335,0.9,0.43421563303404087,1.0,16.934409688327595,222,1
EUC_SIR_W-SCIFRM_BKGSUB_2681_11832_3_RGS180_0_2024-10-31T17:44:11.173589Z_det0,DET11.SCI,confident,821,1278,860,1286,842.435294117647,1281.6470588235295,39,8,85.0,0.2724358974358974,4.875,0.3158253844845564,1.0,26.845157681187292,225,2
EUC_SIR_W-SCIFRM_BKGSUB_2681_11832_3_RGS180_0_2024-10-31T17:44:11.173589Z_det0,DET11.SCI,confident,1716,1280,1734,1287,1722.86,1283.4,18,7,50.0,0.3968253968253968,2.5714285714285716,0.333375032628028,0.9473013569992935,16.6687516314014,227,1
EUC_SIR_W-SCIFRM_BKGSUB_2681_11832_3_RGS180_0_2024-10-31T17:44:11.173589Z_det0,DET11.SCI,confident,1419,95,1441,106,1427.514705882353,100.79411764705883,22,11,68.0,0.2809917355371901,2.0,0.24418139732749927,0.9434522915820303,16.60433501826995,228,1
EUC_SIR_W-SCIFRM_BKGSUB_2681_11832_3_RGS180_0_2024-10-31T17:44:11.173589Z_det0,DET11.SCI,confident,1913,1672,1921,1677,1916.6666666666667,1674.037037037037,8,5,27.0,0.675,1.6,0.6146692024802577,1.0,16.59606846696696,229,1
EUC_SIR_W-SCIFRM_BKGSUB_2681_11832_3_RGS180_0_2024-10-31T17:44:11.173589Z_det0,DET11.SCI,confident,204,508,215,511,209.2941176470588,509.0,11,3,17.0,0.5151515151515151,3.6666666666666665,0.9640937954088462,1.0,16.389594521950386,230,1
EUC_SIR_W-SCIFRM_BKGSUB_2681_11832_3_RGS180_0_2024-10-31T17:44:11.173589Z_det0,DET11.SCI,confident,1215,515,1230,520,1220.8648648648648,517.6486486486486,15,5,37.0,0.49333333333333335,3.0,0.4372852510116433,1.0,16.1795542874308,231,1
EUC_SIR_W-SCIFRM_BKGSUB_2681_11832_3_RGS180_0_2024-10-31T17:44:11.173589Z_det0,DET11.SCI,confident,1735,907,1747,915,1740.0588235294117,910.9803921568628,12,8,51.0,0.53125,1.5,0.3167565730337714,0.8104314741426739,16.154585224722343,233,1
EUC_SIR_W-SCIFRM_BKGSUB_2681_11832_3_RGS180_0_2024-10-31T17:44:11.173589Z_det0,DET11.SCI,confident,1687,1478,1710,1487,1698.3396226415093,1481.867924528302,23,9,53.0,0.2560386473429952,2.5555555555555554,0.2987336290051216,0.966136547957842,15.832882337271446,235,1
EUC_SIR_W-SCIFRM_BKGSUB_2681_11832_3_RGS180_0_2024-10-31T17:44:11.173589Z_det0,DET11.SCI,confident,502,1779,514,1782,507.5882352941176,1779.3529411764705,12,3,17.0,0.4722222222222222,4.0,0.9310442947556433,1.0,15.827753010845937,236,1
EUC_SIR_W-SCIFRM_BKGSUB_2681_11832_3_RGS180_0_2024-10-31T17:44:11.173589Z_det0,DET11.SCI,confident,344,970,363,979,351.1162790697674,973.1395348837209,19,9,43.0,0.25146198830409355,2.111111111111111,0.3677809193286904,0.916490501819113,15.814579531133687,237,1
EUC_SIR_W-SCIFRM_BKGSUB_2681_11832_3_RGS180_0_2024-10-31T17:44:11.173589Z_det0,DET11.SCI,confident,1574,2002,1587,2017,1580.859375,2008.421875,13,15,64.0,0.3282051282051282,0.8666666666666667,0.24434633186354182,0.6322928862661702,15.638165239266677,238,1
EUC_SIR_W-SCIFRM_BKGSUB_2681_11832_3_RGS180_0_2024-10-31T17:44:11.173589Z_det0,DET11.SCI,confident,998,804,1017,811,1006.9090909090909,807.9454545454546,19,7,55.0,0.41353383458646614,2.7142857142857144,0.28214291829169547,0.7677300890582919,15.51786050604325,239,1
EUC_SIR_W-SCIFRM_BKGSUB_2681_11832_3_RGS180_0_2024-10-31T17:44:11.173589Z_det0,DET11.SCI,confident,246,1764,269,1771,258.2173913043478,1767.6521739130435,23,7,46.0,0.2857142857142857,3.2857142857142856,0.33564339062506027,0.9638136860705753,15.439595968752773,240,1
EUC_SIR_W-SCIFRM_BKGSUB_2681_11832_3_RGS180_0_2024-10-31T17:44:11.173589Z_det0,DET11.SCI,confident,1158,1428,1167,1436,1162.0588235294117,1432.0,9,8,34.0,0.4722222222222222,1.125,0.45406312959903805,1.0,15.438146406367293,241,1
EUC_SIR_W-SCIFRM_BKGSUB_2681_11832_3_RGS180_0_2024-10-31T17:44:11.173589Z_det0,DET11.SCI,confident,1849,1859,1864,1867,1856.3783783783783,1861.7027027027027,15,8,37.0,0.30833333333333335,1.875,0.40660255675586343,1.0,15.044294599966946,242,1
EUC_SIR_W-SCIFRM_BKGSUB_2681_11832_3_RGS180_0_2024-10-31T17:44:11.173589Z_det0,DET11.SCI,confident,521,883,531,895,525.8604651162791,887.6976744186046,10,12,43.0,0.35833333333333334,0.8333333333333334,0.3449528173973653,1.0,14.832971148086706,245,1
EUC_SIR_W-SCIFRM_BKGSUB_2681_11832_3_RGS180_0_2024-10-31T17:44:11.173589Z_det0,DET11.SCI,confident,1449,911,1457,919,1452.4722222222222,914.6944444444445,8,8,36.0,0.5625,1.0,0.41119605890292665,1.0,14.803058120505359,246,1
EUC_SIR_W-SCIFRM_BKGSUB_2681_11832_3_RGS180_0_2024-10-31T17:44:11.173589Z_det0,DET11.SCI,confident,836,2012,845,2018,840.5365853658536,2014.4634146341464,9,6,41.0,0.7592592592592593,1.5,0.35668353785140866,1.0,14.624025051907756,247,1
EUC_SIR_W-SCIFRM_BKGSUB_2681_11832_3_RGS180_0_2024-10-31T17:44:11.173589Z_det0,DET11.SCI,confident,1685,1862,1696,1876,1689.5714285714287,1869.2619047619048,11,14,42.0,0.2727272727272727,0.7857142857142857,0.3456673637708925,1.0,14.518029278377487,249,1
EUC_SIR_W-SCIFRM_BKGSUB_2681_11832_3_RGS180_0_2024-10-31T17:44:11.173589Z_det0,DET11.SCI,confident,2024,1715,2040,1732,2031.8118811881188,1723.3069306930693,16,17,101.0,0.3713235294117647,0.9411764705882353,0.2786887424426064,1.0,28.147562986703246,250,2
EUC_SIR_W-SCIFRM_BKGSUB_2681_11832_3_RGS180_0_2024-10-31T17:44:11.173589Z_det0,DET11.SCI,confident,437,828,447,833,441.82758620689657,829.9310344827586,10,5,29.0,0.58,2.0,0.4969829462538381,1.0,14.412505441361304,251,1
EUC_SIR_W-SCIFRM_BKGSUB_2681_11832_3_RGS180_0_2024-10-31T17:44:11.173589Z_det0,DET11.SCI,confident,1801,1815,1818,1822,1809.175,1819.0,17,7,40.0,0.33613445378151263,2.4285714285714284,0.3595873770204664,1.0,14.383495080818655,252,1
EUC_SIR_W-SCIFRM_BKGSUB_2681_11832_3_RGS180_0_2024-10-31T17:44:11.173589Z_det0,DET11.SCI,confident,1552,1539,1561,1551,1556.0243902439024,1544.4878048780488,9,12,41.0,0.37962962962962965,0.75,0.34897656785123543,1.0,14.308039281900653,254,1
EUC_SIR_W-SCIFRM_BKGSUB_2681_11832_3_RGS180_0_2024-10-31T17:44:11.173589Z_det0,DET11.SCI,confident,46,1636,56,1647,50.12280701754386,1640.719298245614,10,11,57.0,0.5181818181818182,0.9090909090909091,0.24864806368760667,0.5585103290083061,14.17293963019358,255,1
EUC_SIR_W-SCIFRM_BKGSUB_2681_11832_3_RGS180_0_2024-10-31T17:44:11.173589Z_det0,DET11.SCI,confident,1943,1118,1951,1129,1946.103448275862,1122.9655172413793,8,11,29.0,0.32954545454545453,0.7272727272727273,0.48855504287459456,1.0,14.168096243363243,256,1
EUC_SIR_W-SCIFRM_BKGSUB_2681_11832_3_RGS180_0_2024-10-31T17:44:11.173589Z_det0,DET11.SCI,confident,2026,99,2038,102,2031.6315789473683,100.0,12,3,19.0,0.5277777777777778,4.0,0.7432666873080905,1.0,14.12206705885372,257,1
EUC_SIR_W-SCIFRM_BKGSUB_2681_11832_3_RGS180_0_2024-10-31T17:44:11.173589Z_det0,DET11.SCI,confident,456,187,465,192,460.23333333333335,188.56666666666666,9,5,30.0,0.6666666666666666,1.8,0.46831495706799403,1.0,14.04944871203982,258,1
EUC_SIR_W-SCIFRM_BKGSUB_2681_11832_3_RGS180_0_2024-10-31T17:44:11.173589Z_det0,DET11.SCI,confident,332,1281,354,1290,342.58490566037733,1284.0943396226414,22,9,53.0,0.2676767676767677,2.4444444444444446,0.26458229720660265,0.7004767746708161,14.02286175194994,259,1
EUC_SIR_W-SCIFRM_BKGSUB_2681_11832_3_RGS180_0_2024-10-31T17:44:11.173589Z_det0,DET11.SCI,confident,1259,1718,1278,1723,1267.5,1719.8666666666666,19,5,30.0,0.3157894736842105,3.8,0.46578095966445765,1.0,13.97342878993373,260,1
EUC_SIR_W-SCIFRM_BKGSUB_2681_11832_3_RGS180_0_2024-10-31T17:44:11.173589Z_det0,DET11.SCI,confident,169,1265,176,1279,171.20408163265307,1271.938775510204,7,14,49.0,0.5,0.5,0.2841768012489098,0.6805572086471845,13.924663261196581,261,1
EUC_SIR_W-SCIFRM_BKGSUB_2681_11832_3_RGS180_0_2024-10-31T17:44:11.173589Z_det0,DET11.SCI,confident,312,564,326,574,318.64285714285717,567.4642857142857,14,10,56.0,0.4,1.4,0.24755418853336567,0.5643149980529714,13.863034557868477,262,1
EUC_SIR_W-SCIFRM_BKGSUB_2681_11832_3_RGS180_0_2024-10-31T17:44:11.173589Z_det0,DET11.SCI,confident,413,1419,435,1440,426.12745098039215,1428.1274509803923,22,21,102.0,0.22077922077922077,1.0476190476190477,0.35833748622911826,1.0,36.55042359537006,263,3
EUC_SIR_W-SCIFRM_BKGSUB_2681_11832_3_RGS180_0_2024-10-31T17:44:11.173589Z_det0,DET11.SCI,confident,273,1490,286,1497,279.8709677419355,1493.0967741935483,13,7,31.0,0.34065934065934067,1.8571428571428572,0.4424626886255018,1.0,13.716343347390556,264,1
EUC_SIR_W-SCIFRM_BKGSUB_2681_11832_3_RGS180_0_2024-10-31T17:44:11.173589Z_det0,DET11.SCI,confident,1304,1696,1315,1706,1308.780487804878,1700.341463414634,11,10,41.0,0.37272727272727274,1.1,0.3342341288012186,1.0,13.703599280849962,265,1
EUC_SIR_W-SCIFRM_BKGSUB_2681_11832_3_RGS180_0_2024-10-31T17:44:11.173589Z_det0,DET11.SCI,confident,602,1574,615,1586,608.9423076923077,1580.5,13,12,52.0,0.3333333333333333,1.0833333333333333,0.2629591099354331,0.9014813837979377,13.67387371664252,267,1
EUC_SIR_W-SCIFRM_BKGSUB_2681_11832_3_RGS180_0_2024-10-31T17:44:11.173589Z_det0,DET11.SCI,confident,442,582,451,594,446.3921568627451,588.9803921568628,9,12,51.0,0.4722222222222222,0.75,0.2680163965352936,1.0,13.668836223299973,268,1
EUC_SIR_W-SCIFRM_BKGSUB_2681_11832_3_RGS180_0_2024-10-31T17:44:11.173589Z_det0,DET11.SCI,confident,1245,1815,1256,1831,1250.4102564102564,1823.1025641025642,11,16,39.0,0.2215909090909091,0.6875,0.3479708411371446,1.0,13.57086280434864,269,1
EUC_SIR_W-SCIFRM_BKGSUB_2681_11832_3_RGS180_0_2024-10-31T17:44:11.173589Z_det0,DET11.SCI,confident,396,1093,407,1099,402.12,1095.92,11,6,25.0,0.3787878787878788,1.8333333333333333,0.5422167622607988,1.0,13.555419056519971,270,1
EUC_SIR_W-SCIFRM_BKGSUB_2681_11832_3_RGS180_0_2024-10-31T17:44:11.173589Z_det0,DET11.SCI,confident,791,1787,799,1792,793.8947368421053,1788.6842105263158,8,5,19.0,0.475,1.6,0.7086479872416509,1.0,13.464311757591368,271,1
EUC_SIR_W-SCIFRM_BKGSUB_2681_11832_3_RGS180_0_2024-10-31T17:44:11.173589Z_det0,DET11.SCI,confident,970,25,976,35,972.3846153846154,29.0,6,10,26.0,0.43333333333333335,0.6,0.5157985982170237,1.0,13.410763553642616,272,1
EUC_SIR_W-SCIFRM_BKGSUB_2681_11832_3_RGS180_0_2024-10-31T17:44:11.173589Z_det0,DET11.SCI,confident,789,27,804,31,795.53125,28.09375,15,4,32.0,0.5333333333333333,3.75,0.41658467201095617,1.0,13.330709504350597,273,1
EUC_SIR_W-SCIFRM_BKGSUB_2681_11832_3_RGS180_0_2024-10-31T17:44:11.173589Z_det0,DET11.SCI,confident,153,1295,162,1303,157.6578947368421,1298.7631578947369,9,8,38.0,0.5277777777777778,1.125,0.35064809943964653,1.0,13.324627778706569,275,1
EUC_SIR_W-SCIFRM_BKGSUB_2681_11832_3_RGS180_0_2024-10-31T17:44:11.173589Z_det0,DET11.SCI,confident,709,1128,719,1135,712.8611111111111,1131.7222222222222,10,7,36.0,0.5142857142857142,1.4285714285714286,0.3675049370674062,0.8318697866757971,13.230177734426624,276,1
EUC_SIR_W-SCIFRM_BKGSUB_2681_11832_3_RGS180_0_2024-10-31T17:44:11.173589Z_det0,DET11.SCI,confident,29,321,40,327,34.11538461538461,323.53846153846155,11,6,26.0,0.3939393939393939,1.8333333333333333,0.5058984916358157,1.0,13.153360782531207,278,1
EUC_SIR_W-SCIFRM_BKGSUB_2681_11832_3_RGS180_0_2024-10-31T17:44:11.173589Z_det0,DET11.SCI,confident,529,1092,539,1099,534.7916666666666,1095.0,10,7,24.0,0.34285714285714286,1.4285714285714286,0.5445908846286686,1.0,13.070181231088046,279,1
EUC_SIR_W-SCIFRM_BKGSUB_2681_11832_3_RGS180_0_2024-10-31T17:44:11.173589Z_det0,DET11.SCI,confident,687,78,697,85,692.2564102564103,81.15384615384616,10,7,39.0,0.5571428571428572,1.4285714285714286,0.334708743575646,0.7080475147383845,13.053640999450193,280,1
EUC_SIR_W-SCIFRM_BKGSUB_2681_11832_3_RGS180_0_2024-10-31T17:44:11.173589Z_det0,DET11.SCI,confident,2024,1991,2039,2003,2032.4107142857142,1996.8392857142858,15,12,56.0,0.3111111111111111,1.25,0.23293011096477528,0.6086581704851753,13.044086214027416,281,1
EUC_SIR_W-SCIFRM_BKGSUB_2681_11832_3_RGS180_0_2024-10-31T17:44:11.173589Z_det0,DET11.SCI,confident,1457,1287,1475,1293,1465.8478260869565,1289.4130434782608,18,6,46.0,0.42592592592592593,3.0,0.28286566914799016,0.6035022622244338,13.011820780807547,282,1
EUC_SIR_W-SCIFRM_BKGSUB_2681_11832_3_RGS180_0_2024-10-31T17:44:11.173589Z_det0,DET11.SCI,confident,1087,1016,1094,1022,1089.6818181818182,1019.0909090909091,7,6,22.0,0.5238095238095238,1.1666666666666667,0.5907813886655651,1.0,12.997190550642431,283,1
EUC_SIR_W-SCIFRM_BKGSUB_2681_11832_3_RGS180_0_2024-10-31T17:44:11.173589Z_det0,DET11.SCI,confident,1003,1025,1024,1034,1012.4366197183099,1028.225352112676,21,9,71.0,0.37566137566137564,2.3333333333333335,0.3285355197928506,0.6893602213531825,23.326021905292393,284,2
EUC_SIR_W-SCIFRM_BKGSUB_2681_11832_3_RGS180_0_2024-10-31T17:44:11.173589Z_det0,DET11.SCI,confident,1359,700,1377,707,1368.1842105263158,703.3157894736842,18,7,38.0,0.30158730158730157,2.5714285714285716,0.3350937919318368,0.6967286897395563,12.733564093409798,285,1
EUC_SIR_W-SCIFRM_BKGSUB_2681_11832_3_RGS180_0_2024-10-31T17:44:11.173589Z_det0,DET11.SCI,confident,2003,782,2014,788,2007.75,783.8928571428571,11,6,28.0,0.42424242424242425,1.8333333333333333,0.4529471069772296,1.0,12.682518995362429,286,1
EUC_SIR_W-SCIFRM_BKGSUB_2681_11832_3_RGS180_0_2024-10-31T17:44:11.173589Z_det0,DET11.SCI,confident,783,1948,793,1956,787.3863636363636,1951.2954545454545,10,8,44.0,0.55,1.25,0.2880648127679359,0.6093547804840052,12.67485176178918,287,1
EUC_SIR_W-SCIFRM_BKGSUB_2681_11832_3_RGS180_0_2024-10-31T17:44:11.173589Z_det0,DET11.SCI,confident,95,478,104,482,98.46666666666667,479.3333333333333,9,4,15.0,0.4166666666666667,2.25,0.8293244034979377,1.0,12.439866052469066,290,1
EUC_SIR_W-SCIFRM_BKGSUB_2681_11832_3_RGS180_0_2024-10-31T17:44:11.173589Z_det0,DET11.SCI,confident,82,29,96,34,88.125,31.4375,14,5,32.0,0.45714285714285713,2.8,0.3878400599050241,1.0,12.410881916960772,291,1
EUC_SIR_W-SCIFRM_BKGSUB_2681_11832_3_RGS180_0_2024-10-31T17:44:11.173589Z_det0,DET11.SCI,confident,269,1220,283,1228,275.6511627906977,1223.9767441860465,14,8,43.0,0.38392857142857145,1.75,0.2864775706691262,0.7645950333543698,12.318535538772426,293,1
EUC_SIR_W-SCIFRM_BKGSUB_2681_11832_3_RGS180_0_2024-10-31T17:44:11.173589Z_det0,DET11.SCI,confident,1316,755,1325,766,1320.057142857143,760.0857142857143,9,11,35.0,0.35353535353535354,0.8181818181818182,0.35114006574837486,1.0,12.28990230119312,294,1
EUC_SIR_W-SCIFRM_BKGSUB_2681_11832_3_RGS180_0_2024-10-31T17:44:11.173589Z_det0,DET11.SCI,confident,493,1553,506,1567,499.87692307692305,1560.7230769230769,13,14,65.0,0.35714285714285715,0.9285714285714286,0.18868769539470615,0.44760268445776363,12.2647002006559,295,1
EUC_SIR_W-SCIFRM_BKGSUB_2681_11832_3_RGS180_0_2024-10-31T17:44:11.173589Z_det0,DET11.SCI,confident,663,1500,673,1509,667.0238095238095,1503.904761904762,10,9,42.0,0.4666666666666667,1.1111111111111112,0.2895728602924671,0.6979401448624099,12.162060132283617,297,1
EUC_SIR_W-SCIFRM_BKGSUB_2681_11832_3_RGS180_0_2024-10-31T17:44:11.173589Z_det0,DET11.SCI,confident,357,1774,370,1782,362.04761904761904,1777.357142857143,13,8,42.0,0.40384615384615385,1.625,0.28514245122612564,0.8639272071170416,11.975982951497278,300,1
EUC_SIR_W-SCIFRM_BKGSUB_2681_11832_3_RGS180_0_2024-10-31T17:44:11.173589Z_det0,DET11.SCI,confident,1511,736,1525,742,1517.0,739.1388888888889,14,6,36.0,0.42857142857142855,2.3333333333333335,0.3299090908321148,0.9141499295081472,11.876727269956133,302,1
EUC_SIR_W-SCIFRM_BKGSUB_2681_11832_3_RGS180_0_2024-10-31T17:44:11.173589Z_det0,DET11.SCI,confident,1180,1927,1191,1936,1183.972972972973,1931.2432432432433,11,9,37.0,0.37373737373737376,1.2222222222222223,0.32072055520843795,1.0,11.866660542712204,303,1
EUC_SIR_W-SCIFRM_BKGSUB_2681_11832_3_RGS180_0_2024-10-31T17:44:11.173589Z_det0,DET11.SCI,confident,641,950,653,953,647.0,950.8636363636364,12,3,22.0,0.6111111111111112,4.0,0.5375630421169296,1.0,11.826386926572452,304,1
EUC_SIR_W-SCIFRM_BKGSUB_2681_11832_3_RGS180_0_2024-10-31T17:44:11.173589Z_det0,DET11.SCI,confident,835,403,850,408,842.7058823529412,404.6764705882353,15,5,34.0,0.4533333333333333,3.0,0.3473238894622275,0.7228674108642487,11.809012241715735,305,1
EUC_SIR_W-SCIFRM_BKGSUB_2681_11832_3_RGS180_0_2024-10-31T17:44:11.173589Z_det0,DET11.SCI,confident,1222,1194,1228,1201,1224.608695652174,1196.9565217391305,6,7,23.0,0.5476190476190477,0.8571428571428571,0.5120576633279719,1.0,11.777326256543352,306,1
EUC_SIR_W-SCIFRM_BKGSUB_2681_11832_3_RGS180_0_2024-10-31T17:44:11.173589Z_det0,DET11.SCI,confident,1848,559,1860,565,1853.90625,561.375,12,6,32.0,0.4444444444444444,2.0,0.36515229240987657,0.9102791144477447,11.68487335711605,307,1
EUC_SIR_W-SCIFRM_BKGSUB_2681_11832_3_RGS180_0_2024-10-31T17:44:11.173589Z_det0,DET11.SCI,confident,1541,1602,1556,1610,1547.68,1605.38,15,8,50.0,0.4166666666666667,1.875,0.2333999369649635,0.4797461713440018,11.669996848248175,308,1
EUC_SIR_W-SCIFRM_BKGSUB_2681_11832_3_RGS180_0_2024-10-31T17:44:11.173589Z_det0,DET11.SCI,confident,1967,120,1977,127,1971.2,122.34285714285714,10,7,35.0,0.5,1.4285714285714286,0.3313104659633923,1.0,11.595866308718731,309,1
EUC_SIR_W-SCIFRM_BKGSUB_2681_11832_3_RGS180_0_2024-10-31T17:44:11.173589Z_det0,DET11.SCI,confident,1939,180,1951,192,1944.9333333333334,185.66666666666666,12,12,45.0,0.3125,1.0,0.25313638400466265,0.48714415710320735,11.391137280209819,310,1
EUC_SIR_W-SCIFRM_BKGSUB_2681_11832_3_RGS180_0_2024-10-31T17:44:11.173589Z_det0,DET11.SCI,confident,1021,1753,1029,1759,1024.7241379310344,1755.655172413793,8,6,29.0,0.6041666666666666,1.3333333333333333,0.3860689657548145,1.0,11.19600000688962,311,1
EUC_SIR_W-SCIFRM_BKGSUB_2681_11832_3_RGS180_0_2024-10-31T17:44:11.173589Z_det0,DET11.SCI,confident,1341,1729,1349,1742,1344.8285714285714,1735.2285714285715,8,13,35.0,0.33653846153846156,0.6153846153846154,0.3190004589222384,1.0,11.165016062278344,312,1
EUC_SIR_W-SCIFRM_BKGSUB_2681_11832_3_RGS180_0_2024-10-31T17:44:11.173589Z_det0,DET11.SCI,confident,1937,633,1942,638,1939.125,634.75,5,5,16.0,0.64,1.0,0.6911608835536132,1.0,11.05857413685781,313,1
EUC_SIR_W-SCIFRM_BKGSUB_2681_11832_3_RGS180_0_2024-10-31T17:44:11.173589Z_det0,DET11.SCI,confident,1421,1435,1433,1450,1426.530612244898,1440.8979591836735,12,15,49.0,0.2722222222222222,0.8,0.22445665257084432,0.8145014537923939,10.998375975971372,314,1
EUC_SIR_W-SCIFRM_BKGSUB_2681_11832_3_RGS180_0_2024-10-31T17:44:11.173589Z_det0,DET11.SCI,confident,267,220,277,227,271.4848484848485,222.36363636363637,10,7,33.0,0.4714285714285714,1.4285714285714286,0.3321606907963715,0.6709817729005573,10.96130279628026,315,1
EUC_SIR_W-SCIFRM_BKGSUB_2681_11832_3_RGS180_0_2024-10-31T17:44:11.173589Z_det0,DET11.SCI,confident,360,1731,367,1738,363.1818181818182,1734.6363636363637,7,7,22.0,0.4489795918367347,1.0,0.49235039859157886,1.0,10.831708769014735,317,1
EUC_SIR_W-SCIFRM_BKGSUB_2681_11832_3_RGS180_0_2024-10-31T17:44:11.173589Z_det0,DET11.SCI,confident,1011,185,1019,193,1014.0,188.05714285714285,8,8,35.0,0.546875,1.0,0.3083769389436517,1.0,10.793192863027809,318,1
EUC_SIR_W-SCIFRM_BKGSUB_2681_11832_3_RGS180_0_2024-10-31T17:44:11.173589Z_det0,DET11.SCI,confident,147,1228,158,1237,152.375,1232.075,11,9,40.0,0.40404040404040403,1.2222222222222223,0.2694447731929519,0.5433269031328296,10.777790927718076,319,1
EUC_SIR_W-SCIFRM_BKGSUB_2681_11832_3_RGS180_0_2024-10-31T17:44:11.173589Z_det0,DET11.SCI,confident,746,119,762,125,753.35,120.8,16,6,40.0,0.4166666666666667,2.6666666666666665,0.2691880237002563,0.7557864278829932,10.767520948010251,320,1
EUC_SIR_W-SCIFRM_BKGSUB_2681_11832_3_RGS180_0_2024-10-31T17:44:11.173589Z_det0,DET11.SCI,confident,745,1018,756,1030,750.5,1023.0909090909091,11,12,44.0,0.3333333333333333,0.9166666666666666,0.24458916389283172,0.5435123965178882,10.761923211284596,321,1
EUC_SIR_W-SCIFRM_BKGSUB_2681_11832_3_RGS180_0_2024-10-31T17:44:11.173589Z_det0,DET11.SCI,confident,1,596,10,605,4.568181818181818,600.1136363636364,9,9,44.0,0.5432098765432098,1.0,0.24454236685222017,0.5414141773733306,10.759864141497687,322,1
EUC_SIR_W-SCIFRM_BKGSUB_2681_11832_3_RGS180_0_2024-10-31T17:44:11.173589Z_det0,DET11.SCI,confident,68,1485,85,1490,75.0,1487.162162162162,17,5,37.0,0.43529411764705883,3.4,0.2897475007825312,0.8036375070443628,10.720657528953655,323,1
EUC_SIR_W-SCIFRM_BKGSUB_2681_11832_3_RGS180_0_2024-10-31T17:44:11.173589Z_det0,DET11.SCI,confident,747,67,756,76,750.9459459459459,71.51351351351352,9,9,37.0,0.4567901234567901,1.0,0.288899955580003,0.5665856607967039,10.68929835646011,324,1
EUC_SIR_W-SCIFRM_BKGSUB_2681_11832_3_RGS180_0_2024-10-31T17:44:11.173589Z_det0,DET11.SCI,confident,896,887,905,894,899.8571428571429,890.047619047619,9,7,21.0,0.3333333333333333,1.2857142857142858,0.5056058114818706,1.0,10.617722041119281,326,1
EUC_SIR_W-SCIFRM_BKGSUB_2681_11832_3_RGS180_0_2024-10-31T17:44:11.173589Z_det0,DET11.SCI,confident,1633,675,1653,686,1642.6170212765958,681.2553191489362,20,11,47.0,0.21363636363636362,1.8181818181818181,0.22568073616445739,0.5069086792421752,10.606994599729497,327,1
EUC_SIR_W-SCIFRM_BKGSUB_2681_11832_3_RGS180_0_2024-10-31T17:44:11.173589Z_det0,DET11.SCI,confident,1270,804,1277,810,1273.5652173913043,806.0869565217391,7,6,23.0,0.5476190476190477,1.1666666666666667,0.4603076453694513,1.0,10.587075843497379,328,1
EUC_SIR_W-SCIFRM_BKGSUB_2681_11832_3_RGS180_0_2024-10-31T17:44:11.173589Z_det0,DET11.SCI,confident,1913,1179,1924,1191,1918.58,1184.76,11,12,50.0,0.3787878787878788,0.9166666666666666,0.21148368434675352,0.4789560378796734,10.574184217337676,329,1
EUC_SIR_W-SCIFRM_BKGSUB_2681_11832_3_RGS180_0_2024-10-31T17:44:11.173589Z_det0,DET11.SCI,confident,829,1863,843,1867,835.21875,1864.46875,14,4,32.0,0.5714285714285714,3.5,0.3304192871856878,0.7792636141058227,10.57341718994201,330,1
EUC_SIR_W-SCIFRM_BKGSUB_2681_11832_3_RGS180_0_2024-10-31T17:44:11.173589Z_det0,DET11.SCI,confident,869,1955,882,1966,876.0975609756098,1959.8536585365853,13,11,41.0,0.2867132867132867,1.1818181818181819,0.2578682856811385,0.6821380969942168,10.572599712926678,331,1
EUC_SIR_W-SCIFRM_BKGSUB_2681_11832_3_RGS180_0_2024-10-31T17:44:11.173589Z_det0,DET11.SCI,confident,1060,744,1068,751,1063.448275862069,747.0689655172414,8,7,29.0,0.5178571428571429,1.1428571428571428,0.3639867030502798,1.0,10.555614388458114,332,1
EUC_SIR_W-SCIFRM_BKGSUB_2681_11832_3_RGS180_0_2024-10-31T17:44:11.173589Z_det0,DET11.SCI,confident,438,384,449,387,443.53333333333336,385.0,11,3,15.0,0.45454545454545453,3.6666666666666665,0.7034814958854655,1.0,10.552222438281982,333,1
EUC_SIR_W-SCIFRM_BKGSUB_2681_11832_3_RGS180_0_2024-10-31T17:44:11.173589Z_det0,DET11.SCI,confident,1245,1495,1258,1504,1251.1224489795918,1498.857142857143,13,9,49.0,0.4188034188034188,1.4444444444444444,0.21281031103443343,0.4973043475410915,10.427705240687239,334,1
EUC_SIR_W-SCIFRM_BKGSUB_2681_11832_3_RGS180_0_2024-10-31T17:44:11.173589Z_det0,DET11.SCI,confident,1719,1583,1731,1588,1724.7307692307693,1584.923076923077,12,5,26.0,0.43333333333333335,2.4,0.3990275479856653,1.0,10.374716247627298,335,1
EUC_SIR_W-SCIFRM_BKGSUB_2681_11832_3_RGS180_0_2024-10-31T17:44:11.173589Z_det0,DET11.SCI,confident,1855,199,1866,203,1860.9,200.9,11,4,20.0,0.45454545454545453,2.75,0.5177237850690033,1.0,10.354475701380066,336,1
EUC_SIR_W-SCIFRM_BKGSUB_2681_11832_3_RGS180_0_2024-10-31T17:44:11.173589Z_det0,DET11.SCI,confident,1674,313,1684,321,1678.9268292682927,316.6829268292683,10,8,41.0,0.5125,1.25,0.2519567478603148,0.8106554954670077,10.330226662272906,337,1
EUC_SIR_W-SCIFRM_BKGSUB_2681_11832_3_RGS180_0_2024-10-31T17:44:11.173589Z_det0,DET11.SCI,confident,1726,1232,1738,1240,1731.1176470588234,1234.7941176470588,12,8,34.0,0.3541666666666667,1.5,0.3037200312651513,0.9695431634918164,10.326481063015144,338,1
EUC_SIR_W-SCIFRM_BKGSUB_2681_11832_3_RGS180_0_2024-10-31T17:44:11.173589Z_det0,DET11.SCI,confident,28,230,38,240,31.80952380952381,233.97619047619048,10,10,42.0,0.42,1.0,0.24387974722796976,0.676570499059769,10.24294938357473,339,1
EUC_SIR_W-SCIFRM_BKGSUB_2681_11832_3_RGS180_0_2024-10-31T17:44:11.173589Z_det0,DET11.SCI,confident,1230,1441,1239,1448,1233.75,1444.875,9,7,24.0,0.38095238095238093,1.2857142857142858,0.426707248477254,1.0,10.240973963454095,340,1
EUC_SIR_W-SCIFRM_BKGSUB_2681_11832_3_RGS180_0_2024-10-31T17:44:11.173589Z_det0,DET11.SCI,confident,1414,1568,1422,1575,1417.1714285714286,1571.2571428571428,8,7,35.0,0.625,1.1428571428571428,0.2918061912505132,0.579576722643749,10.213216693767963,341,1
EUC_SIR_W-SCIFRM_BKGSUB_2681_11832_3_RGS180_0_2024-10-31T17:44:11.173589Z_det0,DET11.SCI,confident,546,1294,557,1307,551.4883720930233,1300.3488372093022,11,13,43.0,0.3006993006993007,0.8461538461538461,0.23719593814183978,0.5909632822454964,10.199425340099111,342,1
EUC_SIR_W-SCIFRM_BKGSUB_2681_11832_3_RGS180_0_2024-10-31T17:44:11.173589Z_det0,DET11.SCI,confident,451,1863,466,1871,460.8125,1866.03125,15,8,32.0,0.26666666666666666,1.875,0.3160570674279152,0.7990346611377322,10.113826157693286,343,1
EUC_SIR_W-SCIFRM_BKGSUB_2681_11832_3_RGS180_0_2024-10-31T17:44:11.173589Z_det0,DET11.SCI,confident,461,54,471,66,465.3125,60.041666666666664,10,12,48.0,0.4,0.8333333333333334,0.21038205191699336,0.4980590601580218,10.098338492015682,344,1
EUC_SIR_W-SCIFRM_BKGSUB_2681_11832_3_RGS180_0_2024-10-31T17:44:11.173589Z_det0,DET11.SCI,confident,793,635,800,640,795.8666666666667,637.4666666666667,7,5,15.0,0.42857142857142855,1.4,0.6666879099891346,1.0,10.00031864983702,345,1
EUC_SIR_W-SCIFRM_BKGSUB_2681_11832_3_RGS180_0_2024-10-31T17:44:11.173589Z_det0,DET11.SCI,confident,1102,1611,1109,1618,1104.9142857142858,1613.942857142857,7,7,35.0,0.7142857142857143,1.0,0.28562667363605265,0.6606668492871971,9.996933577261842,346,1
EUC_SIR_W-SCIFRM_BKGSUB_2681_11832_3_RGS180_0_2024-10-31T17:44:11.173589Z_det0,DET11.SCI,confident,1674,279,1692,285,1682.2571428571428,281.77142857142854,18,6,35.0,0.32407407407407407,3.0,0.28509955130909914,0.802944936264973,9.97848429581847,347,1
EUC_SIR_W-SCIFRM_BKGSUB_2681_11832_3_RGS180_0_2024-10-31T17:44:11.173589Z_det0,DET11.SCI,confident,1691,994,1700,1007,1695.111111111111,1000.3555555555556,9,13,45.0,0.38461538461538464,0.6923076923076923,0.2215805172388567,0.6062970913678212,9.971123275748552,348,1
EUC_SIR_W-SCIFRM_BKGSUB_2681_11832_3_RGS180_0_2024-10-31T17:44:11.173589Z_det0,DET11.SCI,confident,602,1817,609,1823,605.3461538461538,1819.576923076923,7,6,26.0,0.6190476190476191,1.1666666666666667,0.38115646108605283,0.7754950223681745,9.910067988237374,349,1
EUC_SIR_W-SCIFRM_BKGSUB_2681_11832_3_RGS180_0_2024-10-31T17:44:11.173589Z_det0,DET11.SCI,confident,288,1544,301,1549,294.1034482758621,1546.2758620689656,13,5,29.0,0.4461538461538462,2.6,0.341647883642634,0.8891943889702274,9.907788625636385,350,1
EUC_SIR_W-SCIFRM_BKGSUB_2681_11832_3_RGS180_0_2024-10-31T17:44:11.173589Z_det0,DET11.SCI,confident,56,119,62,125,57.76470588235294,121.76470588235294,6,6,17.0,0.4722222222222222,1.0,0.5818179644454192,1.0,9.890905395572126,351,1
EUC_SIR_W-SCIFRM_BKGSUB_2681_11832_3_RGS180_0_2024-10-31T17:44:11.173589Z_det0,DET11.SCI,confident,794,198,806,204,799.4666666666667,200.23333333333332,12,6,30.0,0.4166666666666667,2.0,0.3296691594712085,0.7911165481983121,9.890074784136255,352,1
EUC_SIR_W-SCIFRM_BKGSUB_2681_11832_3_RGS180_0_2024-10-31T17:44:11.173589Z_det0,DET11.SCI,confident,491,1020,502,1032,495.4166666666667,1024.8055555555557,11,12,36.0,0.2727272727272727,0.9166666666666666,0.2734005489575646,0.7169937643799135,9.842419762472325,355,1
EUC_SIR_W-SCIFRM_BKGSUB_2681_11832_3_RGS180_0_2024-10-31T17:44:11.173589Z_det0,DET11.SCI,confident,676,143,683,150,678.8888888888889,146.11111111111111,7,7,27.0,0.5510204081632653,1.0,0.36436243872766394,0.9660486172577221,9.837785845646927,356,1
EUC_SIR_W-SCIFRM_BKGSUB_2681_11832_3_RGS180_0_2024-10-31T17:44:11.173589Z_det0,DET11.SCI,confident,1536,253,1550,262,1544.3823529411766,258.2352941176471,14,9,34.0,0.2698412698412698,1.5555555555555556,0.2880074950585334,0.7545622336834439,9.792254831990135,358,1
EUC_SIR_W-SCIFRM_BKGSUB_2681_11832_3_RGS180_0_2024-10-31T17:44:11.173589Z_det0,DET11.SCI,confident,1680,178,1686,184,1682.7894736842106,179.78947368421052,6,6,19.0,0.5277777777777778,1.0,0.5142523189315549,1.0,9.770794059699544,359,1
EUC_SIR_W-SCIFRM_BKGSUB_2681_11832_3_RGS180_0_2024-10-31T17:44:11.173589Z_det0,DET11.SCI,confident,658,1859,666,1869,661.325,1864.625,8,10,40.0,0.5,0.8,0.24391337705883592,0.7138646121505577,9.756535082353437,360,1
EUC_SIR_W-SCIFRM_BKGSUB_2681_11832_3_RGS180_0_2024-10-31T17:44:11.173589Z_det0,DET11.SCI,confident,654,946,664,952,659.0952380952381,949.5238095238095,10,6,21.0,0.35,1.6666666666666667,0.46225677776601726,1.0,9.707392333086363,362,1
EUC_SIR_W-SCIFRM_BKGSUB_2681_11832_3_RGS180_0_2024-10-31T17:44:11.173589Z_det0,DET11.SCI,confident,1183,479,1187,486,1184.6470588235295,482.0,4,7,17.0,0.6071428571428571,0.5714285714285714,0.5666536228290241,1.0,9.63311158809341,363,1
EUC_SIR_W-SCIFRM_BKGSUB_2681_11832_3_RGS180_0_2024-10-31T17:44:11.173589Z_det0,DET11.SCI,confident,1103,415,1116,426,1108.8510638297873,419.3191489361702,13,11,47.0,0.32867132867132864,1.1818181818181819,0.20491030421473197,0.5447502619216965,9.630784298092403,364,1
EUC_SIR_W-SCIFRM_BKGSUB_2681_11832_3_RGS180_0_2024-10-31T17:44:11.173589Z_det0,DET11.SCI,confident,1910,1572,1915,1585,1912.0,1578.2307692307693,5,13,26.0,0.4,0.38461538461538464,0.37035120052295956,1.0,9.62913121359695,365,1
EUC_SIR_W-SCIFRM_BKGSUB_2681_11832_3_RGS180_0_2024-10-31T17:44:11.173589Z_det0,DET11.SCI,confident,949,1183,959,1196,952.7727272727273,1189.2272727272727,10,13,44.0,0.3384615384615385,0.7692307692307693,0.2180957449022374,0.4860678604770046,9.596212775698445,366,1
EUC_SIR_W-SCIFRM_BKGSUB_2681_11832_3_RGS180_0_2024-10-31T17:44:11.173589Z_det0,DET11.SCI,confident,684,1552,692,1559,687.7777777777778,1554.7407407407406,8,7,27.0,0.48214285714285715,1.1428571428571428,0.3553430113185571,0.6909317884245837,9.594261305601043,367,1
EUC_SIR_W-SCIFRM_BKGSUB_2681_11832_3_RGS180_0_2024-10-31T17:44:11.173589Z_det0,DET11.SCI,confident,638,531,658,536,648.1538461538462,532.7948717948718,20,5,39.0,0.39,4.0,0.24455918570713117,0.4753807072567764,9.537808242578116,369,1
EUC_SIR_W-SCIFRM_BKGSUB_2681_11832_3_RGS180_0_2024-10-31T17:44:11.173589Z_det0,DET11.SCI,confident,730,934,743,943,736.2,937.2571428571429,13,9,35.0,0.29914529914529914,1.4444444444444444,0.2691550299080984,0.6106523020518524,9.420426046783446,370,1
EUC_SIR_W-SCIFRM_BKGSUB_2681_11832_3_RGS180_0_2024-10-31T17:44:11.173589Z_det0,DET11.SCI,confident,777,1959,795,1966,785.0227272727273,1963.3863636363637,18,7,44.0,0.3492063492063492,2.5714285714285716,0.2139445998524897,0.4543456952492915,9.413562393509547,371,1
EUC_SIR_W-SCIFRM_BKGSUB_2681_11832_3_RGS180_0_2024-10-31T17:44:11.173589Z_det0,DET11.SCI,confident,710,193,724,198,716.551724137931,195.3793103448276,14,5,29.0,0.4142857142857143,2.8,0.32366565368898936,0.8235903189510785,9.386303956980692,372,1
EUC_SIR_W-SCIFRM_BKGSUB_2681_11832_3_RGS180_0_2024-10-31T17:44:11.173589Z_det0,DET11.SCI,confident,872,203,889,209,879.8387096774194,205.74193548387098,17,6,31.0,0.30392156862745096,2.8333333333333335,0.29849689337761826,0.7412247310921101,9.253403694706165,373,1
EUC_SIR_W-SCIFRM_BKGSUB_2681_11832_3_RGS180_0_2024-10-31T17:44:11.173589Z_det0,DET11.SCI,confident,1391,756,1403,766,1396.0851063829787,760.0212765957447,12,10,47.0,0.39166666666666666,1.2,0.19637937584736817,0.42164945671812987,9.229830664826304,374,1
EUC_SIR_W-SCIFRM_BKGSUB_2681_11832_3_RGS180_0_2024-10-31T17:44:11.173589Z_det0,DET11.SCI,confident,1570,1706,1583,1712,1575.8536585365853,1709.439024390244,13,6,41.0,0.5256410256410257,2.1666666666666665,0.2244833564741625,0.5516290526282505,9.203817615440663,375,1
EUC_SIR_W-SCIFRM_BKGSUB_2681_11832_3_RGS180_0_2024-10-31T17:44:11.173589Z_det0,DET11.SCI,confident,300,381,309,388,303.59090909090907,384.6363636363636,9,7,22.0,0.3492063492063492,1.2857142857142858,0.41821362666052847,1.0,9.200699786531626,376,1
EUC_SIR_W-SCIFRM_BKGSUB_2681_11832_3_RGS180_0_2024-10-31T17:44:11.173589Z_det0,DET11.SCI,confident,1920,1590,1925,1596,1922.3157894736842,1592.3157894736842,5,6,19.0,0.6333333333333333,0.8333333333333334,0.4806066104763679,1.0,9.13152559905099,377,1
EUC_SIR_W-SCIFRM_BKGSUB_2681_11832_3_RGS180_0_2024-10-31T17:44:11.173589Z_det0,DET11.SCI,confident,1165,2026,1172,2034,1168.0,2029.9333333333334,7,8,30.0,0.5357142857142857,0.875,0.3033185513642085,1.0,9.099556540926255,378,1
EUC_SIR_W-SCIFRM_BKGSUB_2681_11832_3_RGS180_0_2024-10-31T17:44:11.173589Z_det0,DET11.SCI,confident,763,1856,771,1863,766.1818181818181,1859.1818181818182,8,7,33.0,0.5892857142857143,1.1428571428571428,0.27193558043812477,0.8940684839977224,8.973874154458118,380,1
EUC_SIR_W-SCIFRM_BKGSUB_2681_11832_3_RGS180_0_2024-10-31T17:44:11.173589Z_det0,DET11.SCI,confident,1988,1585,1997,1596,1991.5483870967741,1590.741935483871,9,11,31.0,0.31313131313131315,0.8181818181818182,0.2875059642150893,0.843294563507632,8.912684890667768,381,1
EUC_SIR_W-SCIFRM_BKGSUB_2681_11832_3_RGS180_0_2024-10-31T17:44:11.173589Z_det0,DET11.SCI,confident,1428,847,1443,856,1434.0243902439024,849.7073170731708,15,9,41.0,0.3037037037037037,1.6666666666666667,0.217282216352776,0.56748702815023,8.908570870463816,382,1
EUC_SIR_W-SCIFRM_BKGSUB_2681_11832_3_RGS180_0_2024-10-31T17:44:11.173589Z_det0,DET11.SCI,confident,1099,481,1104,494,1101.12,487.64,5,13,25.0,0.38461538461538464,0.38461538461538464,0.35345395604594537,0.9005793950260362,8.836348901148634,383,1
EUC_SIR_W-SCIFRM_BKGSUB_2681_11832_3_RGS180_0_2024-10-31T17:44:11.173589Z_det0,DET11.SCI,confident,1675,1205,1688,1214,1681.7297297297298,1208.4594594594594,13,9,37.0,0.3162393162393162,1.4444444444444444,0.23827837496488868,0.5764379384295746,8.816299873700881,384,1
EUC_SIR_W-SCIFRM_BKGSUB_2681_11832_3_RGS180_0_2024-10-31T17:44:11.173589Z_det0,DET11.SCI,confident,1476,1482,1484,1503,1478.8666666666666,1491.2444444444445,8,21,45.0,0.26785714285714285,0.38095238095238093,0.19534350153647242,0.34557013714476614,8.790457569141259,386,1
EUC_SIR_W-SCIFRM_BKGSUB_2681_11832_3_RGS180_0_2024-10-31T17:44:11.173589Z_det0,DET11.SCI,confident,984,104,991,111,987.1739130434783,107.69565217391305,7,7,23.0,0.46938775510204084,1.0,0.38118826611115564,1.0,8.76733012055658,387,1
EUC_SIR_W-SCIFRM_BKGSUB_2681_11832_3_RGS180_0_2024-10-31T17:44:11.173589Z_det0,DET11.SCI,suspicious,63,1763,214,2040,135.38431253785583,1909.3134463961235,151,277,3302.0,0.0789442226313147,0.5451263537906137,0.5776609826235803,1.0,1907.4365646230624,0,7
EUC_SIR_W-SCIFRM_BKGSUB_2681_11832_3_RGS180_0_2024-10-31T17:44:11.173589Z_det0,DET11.SCI,suspicious,1653,188,1914,547,1819.8102598566309,340.6185035842294,261,359,4464.0,0.047641917202958406,0.7270194986072424,0.6225532803675379,1.0,2779.077843560689,1,26
EUC_SIR_W-SCIFRM_BKGSUB_2681_11832_3_RGS180_0_2024-10-31T17:44:11.173589Z_det0,DET11.SCI,suspicious,120,474,245,542,203.08027210884353,505.90884353741495,125,68,735.0,0.08647058823529412,1.838235294117647,0.6041287638225766,1.0,444.0346414095938,2,9
EUC_SIR_W-SCIFRM_BKGSUB_2681_11832_3_RGS180_0_2024-10-31T17:44:11.173589Z_det0,DET11.SCI,suspicious,1313,861,1372,951,1340.1661237785017,898.728013029316,59,90,614.0,0.11563088512241054,0.6555555555555556,0.5061380976548987,1.0,310.7687919601078,3,5
EUC_SIR_W-SCIFRM_BKGSUB_2681_11832_3_RGS180_0_2024-10-31T17:44:11.173589Z_det0,DET11.SCI,suspicious,1739,1716,1797,1799,1771.6176470588234,1758.2681660899655,58,83,578.0,0.12006647278770254,0.6987951807228916,0.516466635438395,1.0,298.5177152833923,4,5
EUC_SIR_W-SCIFRM_BKGSUB_2681_11832_3_RGS180_0_2024-10-31T17:44:11.173589Z_det0,DET11.SCI,suspicious,1202,399,1606,515,1387.5570383125269,469.1786482996126,404,116,2323.0,0.04956896551724138,3.4827586206896552,0.5327885117332574,1.0,1237.6677127563569,5,38
EUC_SIR_W-SCIFRM_BKGSUB_2681_11832_3_RGS180_0_2024-10-31T17:44:11.173589Z_det0,DET11.SCI,suspicious,520,194,1045,385,778.02414704469,314.48606439211915,525,191,8324.0,0.08301171777611568,2.74869109947644,0.517023771758352,1.0,4303.705876116522,7,155
EUC_SIR_W-SCIFRM_BKGSUB_2681_11832_3_RGS180_0_2024-10-31T17:44:11.173589Z_det0,DET11.SCI,suspicious,1855,319,2040,517,1913.7475898334794,440.3339176161262,185,198,1141.0,0.03114933114933115,0.9343434343434344,0.5435438738053505,1.0,620.1835600119049,10,16
EUC_SIR_W-SCIFRM_BKGSUB_2681_11832_3_RGS180_0_2024-10-31T17:44:11.173589Z_det0,DET11.SCI,suspicious,673,1601,730,1653,701.80163599182,1625.1288343558283,57,52,489.0,0.16497975708502025,1.0961538461538463,0.49546269816999877,1.0,242.2812594051294,14,3
EUC_SIR_W-SCIFRM_BKGSUB_2681_11832_3_RGS180_0_2024-10-31T17:44:11.173589Z_det0,DET11.SCI,suspicious,1013,3,1201,33,1081.8308457711444,19.366500829187398,188,30,603.0,0.10691489361702128,6.266666666666667,0.4752836166929943,1.0,286.5960208658756,15,8
EUC_SIR_W-SCIFRM_BKGSUB_2681_11832_3_RGS180_0_2024-10-31T17:44:11.173589Z_det0,DET11.SCI,suspicious,331,418,724,567,528.692614770459,495.37175648702595,393,149,2004.0,0.03422306470618372,2.6375838926174495,0.4357053988532817,1.0,873.1536193019765,18,31
EUC_SIR_W-SCIFRM_BKGSUB_2681_11832_3_RGS180_0_2024-10-31T17:44:11.173589Z_det0,DET11.SCI,suspicious,1100,206,1136,259,1123.2956521739131,226.60579710144927,36,53,345.0,0.18081761006289307,0.6792452830188679,0.5400273894518353,1.0,186.30944936088318,19,3
EUC_SIR_W-SCIFRM_BKGSUB_2681_11832_3_RGS180_0_2024-10-31T17:44:11.173589Z_det0,DET11.SCI,suspicious,866,1347,906,1390,885.1061093247588,1369.0868167202573,40,43,311.0,0.1808139534883721,0.9302325581395349,0.4838815178363525,1.0,150.48715204710564,22,2
EUC_SIR_W-SCIFRM_BKGSUB_2681_11832_3_RGS180_0_2024-10-31T17:44:11.173589Z_det0,DET11.SCI,suspicious,915,1516,969,1562,947.332361516035,1539.2099125364432,54,46,343.0,0.13808373590982287,1.173913043478261,0.5121538361040899,1.0,175.66876578370284,24,3
EUC_SIR_W-SCIFRM_BKGSUB_2681_11832_3_RGS180_0_2024-10-31T17:44:11.173589Z_det0,DET11.SCI,suspicious,1733,288,1821,305,1773.641148325359,296.5837320574163,88,17,209.0,0.13970588235294118,5.176470588235294,0.5706936357723902,1.0,119.27496987642955,26,1
EUC_SIR_W-SCIFRM_BKGSUB_2681_11832_3_RGS180_0_2024-10-31T17:44:11.173589Z_det0,DET11.SCI,suspicious,1491,173,1539,252,1502.9386666666667,221.224,48,79,375.0,0.09889240506329114,0.6075949367088608,0.3547234946234462,1.0,133.02131048379232,28,3
EUC_SIR_W-SCIFRM_BKGSUB_2681_11832_3_RGS180_0_2024-10-31T17:44:11.173589Z_det0,DET11.SCI,suspicious,1360,371,1438,408,1384.3260869565217,386.4347826086956,78,37,276.0,0.09563409563409564,2.108108108108108,0.5674929747869979,1.0,156.62806104121142,29,4
EUC_SIR_W-SCIFRM_BKGSUB_2681_11832_3_RGS180_0_2024-10-31T17:44:11.173589Z_det0,DET11.SCI,suspicious,1871,313,2039,369,1956.60663507109,334.64218009478674,168,56,422.0,0.04485544217687075,3.0,0.4702800642276565,1.0,198.45818710407104,31,6
EUC_SIR_W-SCIFRM_BKGSUB_2681_11832_3_RGS180_0_2024-10-31T17:44:11.173589Z_det0,DET11.SCI,suspicious,511,1944,587,2009,542.7421052631579,1988.0684210526315,76,65,380.0,0.07692307692307693,1.1692307692307693,0.4032266085527742,1.0,153.2261112500542,33,4
EUC_SIR_W-SCIFRM_BKGSUB_2681_11832_3_RGS180_0_2024-10-31T17:44:11.173589Z_det0,DET11.SCI,suspicious,1116,473,1145,514,1131.0579710144928,485.75845410628017,29,41,207.0,0.1740958788898234,0.7073170731707317,0.5623427096228235,1.0,116.40494089192447,34,3
EUC_SIR_W-SCIFRM_BKGSUB_2681_11832_3_RGS180_0_2024-10-31T17:44:11.173589Z_det0,DET11.SCI,suspicious,768,1687,837,1721,792.9903846153846,1704.7692307692307,69,34,208.0,0.0886615515771526,2.0294117647058822,0.5505349520031946,1.0,114.51127001666447,36,3
EUC_SIR_W-SCIFRM_BKGSUB_2681_11832_3_RGS180_0_2024-10-31T17:44:11.173589Z_det0,DET11.SCI,suspicious,1124,837,1170,879,1144.4558823529412,852.7757352941177,46,42,272.0,0.14078674948240166,1.0952380952380953,0.5032049652586116,1.0,136.87175055034234,37,4
EUC_SIR_W-SCIFRM_BKGSUB_2681_11832_3_RGS180_0_2024-10-31T17:44:11.173589Z_det0,DET11.SCI,suspicious,1388,1070,1451,1087,1409.3681592039802,1076.5174129353236,63,17,201.0,0.1876750700280112,3.7058823529411766,0.4760128920972502,1.0,95.67859131154728,40,2
EUC_SIR_W-SCIFRM_BKGSUB_2681_11832_3_RGS180_0_2024-10-31T17:44:11.173589Z_det0,DET11.SCI,suspicious,1683,797,1743,845,1704.317391304348,831.1739130434783,60,48,230.0,0.0798611111111111,1.25,0.4701295420696828,1.0,108.12979467602705,42,3
EUC_SIR_W-SCIFRM_BKGSUB_2681_11832_3_RGS180_0_2024-10-31T17:44:11.173589Z_det0,DET11.SCI,suspicious,966,1088,1016,1127,982.8571428571429,1102.4666666666667,50,39,210.0,0.1076923076923077,1.2820512820512822,0.49708715329115305,1.0,104.38830219114215,44,3
EUC_SIR_W-SCIFRM_BKGSUB_2681_11832_3_RGS180_0_2024-10-31T17:44:11.173589Z_det0,DET11.SCI,suspicious,999,1933,1047,1995,1017.8143459915611,1958.7805907172997,48,62,237.0,0.07963709677419355,0.7741935483870968,0.520680593347092,1.0,123.40130062326081,46,4
EUC_SIR_W-SCIFRM_BKGSUB_2681_11832_3_RGS180_0_2024-10-31T17:44:11.173589Z_det0,DET11.SCI,suspicious,965,473,1041,496,1011.6766666666666,483.9266666666667,76,23,300.0,0.17162471395881007,3.3043478260869565,0.5172055404501766,1.0,155.16166213505298,47,4
EUC_SIR_W-SCIFRM_BKGSUB_2681_11832_3_RGS180_0_2024-10-31T17:44:11.173589Z_det0,DET11.SCI,suspicious,456,923,512,969,486.3872832369942,940.5086705202312,56,46,173.0,0.0671583850931677,1.2173913043478262,0.477489655497228,1.0,82.60571040102045,48,2
EUC_SIR_W-SCIFRM_BKGSUB_2681_11832_3_RGS180_0_2024-10-31T17:44:11.173589Z_det0,DET11.SCI,suspicious,603,1423,666,1445,633.6217616580311,1431.3626943005181,63,22,193.0,0.13924963924963926,2.8636363636363638,0.6122782522356951,1.0,118.16970268148916,49,5
EUC_SIR_W-SCIFRM_BKGSUB_2681_11832_3_RGS180_0_2024-10-31T17:44:11.173589Z_det0,DET11.SCI,suspicious,9,874,75,895,28.05,884.6611111111112,66,21,180.0,0.12987012987012986,3.142857142857143,0.43052013587700444,1.0,77.4936244578608,52,2
EUC_SIR_W-SCIFRM_BKGSUB_2681_11832_3_RGS180_0_2024-10-31T17:44:11.173589Z_det0,DET11.SCI,suspicious,506,510,577,526,535.9378531073446,517.8644067796611,71,16,177.0,0.15580985915492956,4.4375,0.34207901975521293,1.0,60.54798649667269,55,1
EUC_SIR_W-SCIFRM_BKGSUB_2681_11832_3_RGS180_0_2024-10-31T17:44:11.173589Z_det0,DET11.SCI,suspicious,442,1771,488,1788,463.06206896551726,1780.1724137931035,46,17,145.0,0.18542199488491048,2.7058823529411766,0.6898472196340145,1.0,100.0278468469321,58,4
EUC_SIR_W-SCIFRM_BKGSUB_2681_11832_3_RGS180_0_2024-10-31T17:44:11.173589Z_det0,DET11.SCI,suspicious,1626,1052,1900,1174,1803.401691331924,1113.0232558139535,274,122,946.0,0.028299629053488092,2.2459016393442623,0.4321396506708802,1.0,408.8041095346527,67,24
EUC_SIR_W-SCIFRM_BKGSUB_2681_11832_3_RGS180_0_2024-10-31T17:44:11.173589Z_det0,DET11.SCI,suspicious,1719,0,1875,48,1807.6617405582922,19.7192118226601,156,48,609.0,0.08133012820512821,3.25,0.42308462739991376,1.0,257.6585380865475,69,14
EUC_SIR_W-SCIFRM_BKGSUB_2681_11832_3_RGS180_0_2024-10-31T17:44:11.173589Z_det0,DET11.SCI,suspicious,378,109,438,129,415.15107913669067,118.28776978417267,60,20,139.0,0.11583333333333333,3.0,0.5215459939851381,1.0,72.4948931639342,71,2
EUC_SIR_W-SCIFRM_BKGSUB_2681_11832_3_RGS180_0_2024-10-31T17:44:11.173589Z_det0,DET11.SCI,suspicious,440,1930,475,2003,455.6788617886179,1972.9878048780488,35,73,246.0,0.09628180039138944,0.4794520547945205,0.507090844512373,1.0,124.74434775004374,72,4
EUC_SIR_W-SCIFRM_BKGSUB_2681_11832_3_RGS180_0_2024-10-31T17:44:11.173589Z_det0,DET11.SCI,suspicious,1085,1416,1123,1450,1105.3700787401574,1432.1181102362204,38,34,127.0,0.09829721362229102,1.1176470588235294,0.6147840438863835,1.0,78.0775735735707,73,3
EUC_SIR_W-SCIFRM_BKGSUB_2681_11832_3_RGS180_0_2024-10-31T17:44:11.173589Z_det0,DET11.SCI,suspicious,559,1964,627,1984,582.0790697674419,1974.1813953488372,68,20,215.0,0.15808823529411764,3.4,0.43401350692597573,1.0,93.31290398908479,74,3
EUC_SIR_W-SCIFRM_BKGSUB_2681_11832_3_RGS180_0_2024-10-31T17:44:11.173589Z_det0,DET11.SCI,suspicious,1581,183,1612,224,1595.7708333333333,196.234375,31,41,192.0,0.15106215578284815,0.7560975609756098,0.43534927824684483,1.0,83.5870614233942,77,3
EUC_SIR_W-SCIFRM_BKGSUB_2681_11832_3_RGS180_0_2024-10-31T17:44:11.173589Z_det0,DET11.SCI,suspicious,1092,1088,1182,1124,1126.7368421052631,1105.9243421052631,90,36,304.0,0.09382716049382717,2.5,0.5354169398101222,1.0,162.76674970227714,78,8
EUC_SIR_W-SCIFRM_BKGSUB_2681_11832_3_RGS180_0_2024-10-31T17:44:11.173589Z_det0,DET11.SCI,suspicious,1063,1868,1083,1893,1071.679012345679,1878.7037037037037,20,25,81.0,0.162,0.8,0.5942323720428558,1.0,48.13282213547132,79,1
EUC_SIR_W-SCIFRM_BKGSUB_2681_11832_3_RGS180_0_2024-10-31T17:44:11.173589Z_det0,DET11.SCI,suspicious,58,626,125,658,88.90794979079497,640.4351464435147,67,32,239.0,0.11147388059701492,2.09375,0.28792699573412206,1.0,68.81455198045518,80,2
EUC_SIR_W-SCIFRM_BKGSUB_2681_11832_3_RGS180_0_2024-10-31T17:44:11.173589Z_det0,DET11.SCI,suspicious,883,1766,945,1777,916.1627906976744,1771.077519379845,62,11,129.0,0.18914956011730205,5.636363636363637,0.45194504848098516,1.0,58.30091125404709,86,2
EUC_SIR_W-SCIFRM_BKGSUB_2681_11832_3_RGS180_0_2024-10-31T17:44:11.173589Z_det0,DET11.SCI,suspicious,898,577,969,643,938.3897435897436,620.7384615384616,71,66,195.0,0.041613316261203584,1.0757575757575757,0.510905821681738,1.0,99.62663522793892,87,5
EUC_SIR_W-SCIFRM_BKGSUB_2681_11832_3_RGS180_0_2024-10-31T17:44:11.173589Z_det0,DET11.SCI,suspicious,8,476,91,520,49.83513513513513,496.73783783783784,83,44,370.0,0.10131434830230011,1.8863636363636365,0.397086004672209,1.0,146.92182172871733,88,10
EUC_SIR_W-SCIFRM_BKGSUB_2681_11832_3_RGS180_0_2024-10-31T17:44:11.173589Z_det0,DET11.SCI,suspicious,1615,551,1701,573,1653.824644549763,558.4218009478673,86,22,211.0,0.11152219873150106,3.909090909090909,0.5734448146247074,1.0,120.99685588581326,90,4
EUC_SIR_W-SCIFRM_BKGSUB_2681_11832_3_RGS180_0_2024-10-31T17:44:11.173589Z_det0,DET11.SCI,suspicious,912,1427,1048,1490,969.7840909090909,1456.121212121212,136,63,528.0,0.06162464985994398,2.1587301587301586,0.36012055827342176,1.0,190.1436547683667,91,11
EUC_SIR_W-SCIFRM_BKGSUB_2681_11832_3_RGS180_0_2024-10-31T17:44:11.173589Z_det0,DET11.SCI,suspicious,1714,673,1770,691,1730.7876712328766,680.5342465753424,56,18,146.0,0.14484126984126985,3.111111111111111,0.5513354852902261,1.0,80.49498085237302,93,3
EUC_SIR_W-SCIFRM_BKGSUB_2681_11832_3_RGS180_0_2024-10-31T17:44:11.173589Z_det0,DET11.SCI,suspicious,1260,1852,1323,1861,1302.3085106382978,1856.936170212766,63,9,94.0,0.1657848324514991,7.0,0.5633399397062394,1.0,52.9539543323865,94,2
EUC_SIR_W-SCIFRM_BKGSUB_2681_11832_3_RGS180_0_2024-10-31T17:44:11.173589Z_det0,DET11.SCI,suspicious,1074,301,1200,319,1132.2089552238806,312.19029850746267,126,18,268.0,0.11816578483245149,7.0,0.49183990098916064,1.0,131.81309346509505,95,6
EUC_SIR_W-SCIFRM_BKGSUB_2681_11832_3_RGS180_0_2024-10-31T17:44:11.173589Z_det0,DET11.SCI,suspicious,433,1052,465,1114,451.2021857923497,1096.3005464480875,32,62,183.0,0.09223790322580645,0.5161290322580645,0.5566727627556766,1.0,101.87111558428882,96,4
EUC_SIR_W-SCIFRM_BKGSUB_2681_11832_3_RGS180_0_2024-10-31T17:44:11.173589Z_det0,DET11.SCI,suspicious,1037,1807,1076,1830,1053.1456953642385,1820.5761589403974,39,23,151.0,0.16833890746934224,1.6956521739130435,0.5453250768061365,1.0,82.34408659772662,98,3
EUC_SIR_W-SCIFRM_BKGSUB_2681_11832_3_RGS180_0_2024-10-31T17:44:11.173589Z_det0,DET11.SCI,suspicious,434,632,509,691,467.91743119266056,659.571865443425,75,59,327.0,0.07389830508474576,1.271186440677966,0.3804911723699783,1.0,124.42061336498291,100,7
EUC_SIR_W-SCIFRM_BKGSUB_2681_11832_3_RGS180_0_2024-10-31T17:44:11.173589Z_det0,DET11.SCI,suspicious,223,1097,324,1137,276.8778877887789,1117.5577557755776,101,40,303.0,0.075,2.525,0.46923167548904643,1.0,142.17719767318107,101,6
EUC_SIR_W-SCIFRM_BKGSUB_2681_11832_3_RGS180_0_2024-10-31T17:44:11.173589Z_det0,DET11.SCI,suspicious,727,476,858,495,779.2304964539007,484.72340425531917,131,19,282.0,0.11329851345922057,6.894736842105263,0.4706679532579007,1.0,132.728362818728,104,6
EUC_SIR_W-SCIFRM_BKGSUB_2681_11832_3_RGS180_0_2024-10-31T17:44:11.173589Z_det0,DET11.SCI,suspicious,1485,0,1706,56,1585.0530120481928,16.17710843373494,221,56,830.0,0.06706528765352295,3.9464285714285716,0.480695796507551,1.0,398.97751110126734,113,23
EUC_SIR_W-SCIFRM_BKGSUB_2681_11832_3_RGS180_0_2024-10-31T17:44:11.173589Z_det0,DET11.SCI,suspicious,1307,1423,1361,1449,1330.6304347826087,1437.554347826087,54,26,92.0,0.06552706552706553,2.076923076923077,0.4427886144365488,1.0,40.73655252816249,114,2
EUC_SIR_W-SCIFRM_BKGSUB_2681_11832_3_RGS180_0_2024-10-31T17:44:11.173589Z_det0,DET11.SCI,suspicious,1900,1859,1931,1879,1914.5192307692307,1866.951923076923,31,20,104.0,0.16774193548387098,1.55,0.4559565463625002,1.0,47.41948082170002,116,2
EUC_SIR_W-SCIFRM_BKGSUB_2681_11832_3_RGS180_0_2024-10-31T17:44:11.173589Z_det0,DET11.SCI,suspicious,1616,1555,1652,1594,1629.926605504587,1579.6880733944954,36,39,109.0,0.07763532763532764,0.9230769230769231,0.3726713097597409,1.0,40.62117276381176,117,2
EUC_SIR_W-SCIFRM_BKGSUB_2681_11832_3_RGS180_0_2024-10-31T17:44:11.173589Z_det0,DET11.SCI,suspicious,1700,1318,1773,1385,1729.9940476190477,1343.8154761904761,73,67,336.0,0.06869760785115518,1.0895522388059702,0.38491737841138357,1.0,129.33223914622488,120,8
EUC_SIR_W-SCIFRM_BKGSUB_2681_11832_3_RGS180_0_2024-10-31T17:44:11.173589Z_det0,DET11.SCI,suspicious,80,1096,140,1170,106.88571428571429,1128.5357142857142,60,74,140.0,0.03153153153153153,0.8108108108108109,0.361335680365286,1.0,50.586995251140046,126,3
EUC_SIR_W-SCIFRM_BKGSUB_2681_11832_3_RGS180_0_2024-10-31T17:44:11.173589Z_det0,DET11.SCI,suspicious,1502,753,1523,791,1513.0542635658915,766.4418604651163,21,38,129.0,0.16165413533834586,0.5526315789473685,0.455775629798562,1.0,58.795056244014496,129,3
EUC_SIR_W-SCIFRM_BKGSUB_2681_11832_3_RGS180_0_2024-10-31T17:44:11.173589Z_det0,DET11.SCI,suspicious,118,96,270,129,194.0752688172043,118.26164874551971,152,33,279.0,0.05562200956937799,4.606060606060606,0.5733123461978127,1.0,159.95414458918975,130,9
EUC_SIR_W-SCIFRM_BKGSUB_2681_11832_3_RGS180_0_2024-10-31T17:44:11.173589Z_det0,DET11.SCI,suspicious,766,774,820,806,796.9117647058823,793.1764705882352,54,32,136.0,0.0787037037037037,1.6875,0.3037158756260663,1.0,41.305359085145014,135,2
EUC_SIR_W-SCIFRM_BKGSUB_2681_11832_3_RGS180_0_2024-10-31T17:44:11.173589Z_det0,DET11.SCI,suspicious,1950,246,1979,281,1962.9509202453987,262.81595092024537,29,35,163.0,0.1605911330049261,0.8285714285714286,0.564913968979683,1.0,92.08097694368834,137,4
EUC_SIR_W-SCIFRM_BKGSUB_2681_11832_3_RGS180_0_2024-10-31T17:44:11.173589Z_det0,DET11.SCI,suspicious,549,812,575,857,558.6593406593406,831.1098901098901,26,45,91.0,0.07777777777777778,0.5777777777777777,0.4492816931989875,1.0,40.88463408110786,142,2
EUC_SIR_W-SCIFRM_BKGSUB_2681_11832_3_RGS180_0_2024-10-31T17:44:11.173589Z_det0,DET11.SCI,suspicious,889,1643,966,1669,928.5111111111111,1656.7037037037037,77,26,135.0,0.06743256743256744,2.9615384615384617,0.4287885475647301,1.0,57.88645392123856,143,3
EUC_SIR_W-SCIFRM_BKGSUB_2681_11832_3_RGS180_0_2024-10-31T17:44:11.173589Z_det0,DET11.SCI,suspicious,913,520,976,543,940.1368421052632,529.3473684210526,63,23,95.0,0.06556245686680469,2.739130434782609,0.35766766786130605,1.0,33.978428446824076,144,2
EUC_SIR_W-SCIFRM_BKGSUB_2681_11832_3_RGS180_0_2024-10-31T17:44:11.173589Z_det0,DET11.SCI,suspicious,751,1217,799,1246,778.6311475409836,1233.6147540983607,48,29,122.0,0.08764367816091954,1.6551724137931034,0.5276501610354425,1.0,64.37331964632398,146,3
EUC_SIR_W-SCIFRM_BKGSUB_2681_11832_3_RGS180_0_2024-10-31T17:44:11.173589Z_det0,DET11.SCI,suspicious,1242,667,1303,679,1281.4134615384614,673.7019230769231,61,12,104.0,0.14207650273224043,5.083333333333333,0.522562827174619,1.0,54.34653402616038,148,3
EUC_SIR_W-SCIFRM_BKGSUB_2681_11832_3_RGS180_0_2024-10-31T17:44:11.173589Z_det0,DET11.SCI,suspicious,1932,1090,2039,1158,1992.8199233716475,1122.7854406130268,107,68,261.0,0.035871357888949976,1.5735294117647058,0.41929866545768724,1.0,109.43695168445637,150,7
EUC_SIR_W-SCIFRM_BKGSUB_2681_11832_3_RGS180_0_2024-10-31T17:44:11.173589Z_det0,DET11.SCI,suspicious,1811,1578,1854,1599,1834.4864864864865,1588.936936936937,43,21,111.0,0.12292358803986711,2.0476190476190474,0.42689792878126814,1.0,47.385670094720766,152,3
EUC_SIR_W-SCIFRM_BKGSUB_2681_11832_3_RGS180_0_2024-10-31T17:44:11.173589Z_det0,DET11.SCI,suspicious,1786,92,1855,130,1820.2,108.6047619047619,69,38,210.0,0.08009153318077804,1.8157894736842106,0.36351092679504,1.0,76.3372946269584,155,5
EUC_SIR_W-SCIFRM_BKGSUB_2681_11832_3_RGS180_0_2024-10-31T17:44:11.173589Z_det0,DET11.SCI,suspicious,832,1416,909,1454,880.182320441989,1433.3149171270718,77,38,181.0,0.06185919343814081,2.026315789473684,0.39682859605196336,1.0,71.82597588540537,156,4
EUC_SIR_W-SCIFRM_BKGSUB_2681_11832_3_RGS180_0_2024-10-31T17:44:11.173589Z_det0,DET11.SCI,suspicious,891,479,922,493,903.3625,484.9375,31,14,80.0,0.18433179723502305,2.2142857142857144,0.5556194292171694,1.0,44.449554337373556,158,3
EUC_SIR_W-SCIFRM_BKGSUB_2681_11832_3_RGS180_0_2024-10-31T17:44:11.173589Z_det0,DET11.SCI,suspicious,985,1566,1005,1604,994.2173913043479,1580.1739130434783,20,38,115.0,0.1513157894736842,0.5263157894736842,0.4102064352473058,1.0,47.17374005344017,161,3
EUC_SIR_W-SCIFRM_BKGSUB_2681_11832_3_RGS180_0_2024-10-31T17:44:11.173589Z_det0,DET11.SCI,suspicious,1784,1245,1813,1255,1799.607142857143,1250.9285714285713,29,10,56.0,0.19310344827586207,2.9,0.40433376684852895,0.9739614481409513,22.64269094351762,163,1
EUC_SIR_W-SCIFRM_BKGSUB_2681_11832_3_RGS180_0_2024-10-31T17:44:11.173589Z_det0,DET11.SCI,suspicious,249,311,450,323,342.8524590163934,317.41803278688525,201,12,244.0,0.1011608623548922,16.75,0.345013677920227,1.0,84.1833374125354,164,6
EUC_SIR_W-SCIFRM_BKGSUB_2681_11832_3_RGS180_0_2024-10-31T17:44:11.173589Z_det0,DET11.SCI,suspicious,1151,1250,1204,1306,1180.3506493506493,1275.948051948052,53,56,154.0,0.05188679245283019,0.9464285714285714,0.3715975422790731,1.0,57.226021510977255,167,4
EUC_SIR_W-SCIFRM_BKGSUB_2681_11832_3_RGS180_0_2024-10-31T17:44:11.173589Z_det0,DET11.SCI,suspicious,1800,845,1844,880,1821.3228346456692,865.8818897637796,44,35,127.0,0.08246753246753247,1.2571428571428571,0.33679411701124545,1.0,42.77285286042817,168,3
EUC_SIR_W-SCIFRM_BKGSUB_2681_11832_3_RGS180_0_2024-10-31T17:44:11.173589Z_det0,DET11.SCI,suspicious,501,25,553,55,528.1276595744681,35.744680851063826,52,30,94.0,0.06025641025641026,1.7333333333333334,0.4785459753625856,1.0,44.983321684083045,173,3
EUC_SIR_W-SCIFRM_BKGSUB_2681_11832_3_RGS180_0_2024-10-31T17:44:11.173589Z_det0,DET11.SCI,suspicious,30,5,78,37,52.9811320754717,21.32075471698113,48,32,106.0,0.06901041666666667,1.5,0.31491959964159,1.0,33.38147756200854,177,2
EUC_SIR_W-SCIFRM_BKGSUB_2681_11832_3_RGS180_0_2024-10-31T17:44:11.173589Z_det0,DET11.SCI,suspicious,950,1984,1019,2037,982.9144385026738,2011.0695187165775,69,53,187.0,0.051134809953513806,1.3018867924528301,0.3208106612440866,1.0,59.99159365264419,182,4
EUC_SIR_W-SCIFRM_BKGSUB_2681_11832_3_RGS180_0_2024-10-31T17:44:11.173589Z_det0,DET11.SCI,suspicious,835,676,888,686,866.0188679245283,681.8301886792453,53,10,53.0,0.1,5.3,0.5416762397103305,1.0,28.708840704647518,189,2
EUC_SIR_W-SCIFRM_BKGSUB_2681_11832_3_RGS180_0_2024-10-31T17:44:11.173589Z_det0,DET11.SCI,suspicious,1292,610,1311,638,1302.5714285714287,624.2738095238095,19,28,84.0,0.15789473684210525,0.6785714285714286,0.4319274536246362,1.0,36.28190610446944,196,2
EUC_SIR_W-SCIFRM_BKGSUB_2681_11832_3_RGS180_0_2024-10-31T17:44:11.173589Z_det0,DET11.SCI,suspicious,1043,480,1084,487,1062.1090909090908,483.5272727272727,41,7,55.0,0.1916376306620209,5.857142857142857,0.6495016426438419,1.0,35.722590345411305,197,2
EUC_SIR_W-SCIFRM_BKGSUB_2681_11832_3_RGS180_0_2024-10-31T17:44:11.173589Z_det0,DET11.SCI,suspicious,720,1325,769,1357,747.2795698924731,1345.2043010752689,49,32,93.0,0.05931122448979592,1.53125,0.4072559878585947,1.0,37.874806870849305,203,3
EUC_SIR_W-SCIFRM_BKGSUB_2681_11832_3_RGS180_0_2024-10-31T17:44:11.173589Z_det0,DET11.SCI,suspicious,847,1578,878,1600,862.7415730337078,1590.258426966292,31,22,89.0,0.13049853372434017,1.4090909090909092,0.31098372353082204,0.7418971057742991,27.67755139424316,205,2
EUC_SIR_W-SCIFRM_BKGSUB_2681_11832_3_RGS180_0_2024-10-31T17:44:11.173589Z_det0,DET11.SCI,suspicious,266,846,307,890,282.64925373134326,874.5671641791045,41,44,134.0,0.07427937915742794,0.9318181818181818,0.43936954693288144,1.0,58.875519289006114,212,5
EUC_SIR_W-SCIFRM_BKGSUB_2681_11832_3_RGS180_0_2024-10-31T17:44:11.173589Z_det0,DET11.SCI,suspicious,1428,1863,1474,1898,1451.142857142857,1878.4095238095238,46,35,105.0,0.06521739130434782,1.3142857142857143,0.2692275196466079,0.8534879998286002,28.26888956289383,213,2
EUC_SIR_W-SCIFRM_BKGSUB_2681_11832_3_RGS180_0_2024-10-31T17:44:11.173589Z_det0,DET11.SCI,suspicious,1882,872,1937,909,1903.6759259259259,894.0,55,37,108.0,0.05307125307125307,1.4864864864864864,0.3694098017208017,1.0,39.89625858584658,217,3
EUC_SIR_W-SCIFRM_BKGSUB_2681_11832_3_RGS180_0_2024-10-31T17:44:11.173589Z_det0,DET11.SCI,suspicious,1364,1991,1418,2025,1383.2071428571428,2008.7642857142857,54,34,140.0,0.07625272331154684,1.588235294117647,0.3143282029201641,1.0,44.005948408822974,221,3
EUC_SIR_W-SCIFRM_BKGSUB_2681_11832_3_RGS180_0_2024-10-31T17:44:11.173589Z_det0,DET11.SCI,suspicious,160,950,213,961,182.15686274509804,954.6764705882352,53,11,102.0,0.17495711835334476,4.818181818181818,0.2638052277861215,0.8725242196315925,26.90813323418439,226,2
EUC_SIR_W-SCIFRM_BKGSUB_2681_11832_3_RGS180_0_2024-10-31T17:44:11.173589Z_det0,DET11.SCI,suspicious,543,1657,568,1692,554.2875,1679.45,25,35,80.0,0.09142857142857143,0.7142857142857143,0.31389125671788715,1.0,25.11130053743097,234,2
EUC_SIR_W-SCIFRM_BKGSUB_2681_11832_3_RGS180_0_2024-10-31T17:44:11.173589Z_det0,DET11.SCI,suspicious,705,1425,739,1435,717.7115384615385,1429.326923076923,34,10,52.0,0.15294117647058825,3.4,0.4555093946053964,1.0,23.686488519480612,244,2
EUC_SIR_W-SCIFRM_BKGSUB_2681_11832_3_RGS180_0_2024-10-31T17:44:11.173589Z_det0,DET11.SCI,suspicious,1703,1797,1746,1815,1727.0,1805.7910447761194,43,18,67.0,0.08656330749354005,2.388888888888889,0.43181780685204146,1.0,28.93179305908678,248,2
EUC_SIR_W-SCIFRM_BKGSUB_2681_11832_3_RGS180_0_2024-10-31T17:44:11.173589Z_det0,DET11.SCI,suspicious,1966,992,1981,1025,1973.5625,1004.9375,15,33,48.0,0.09696969696969697,0.45454545454545453,0.49867439280773235,1.0,23.936370854771152,253,2
EUC_SIR_W-SCIFRM_BKGSUB_2681_11832_3_RGS180_0_2024-10-31T17:44:11.173589Z_det0,DET11.SCI,suspicious,1198,1768,1241,1798,1216.5416666666667,1779.1979166666667,43,30,96.0,0.07441860465116279,1.4333333333333333,0.38894909594167437,1.0,37.33911321040074,277,3
EUC_SIR_W-SCIFRM_BKGSUB_2681_11832_3_RGS180_0_2024-10-31T17:44:11.173589Z_det0,DET11.SCI,suspicious,1402,1154,1442,1192,1421.4133333333334,1173.1733333333334,40,38,75.0,0.049342105263157895,1.0526315789473684,0.3025903543190937,1.0,22.69427657393203,296,2
EUC_SIR_W-SCIFRM_BKGSUB_2681_11832_3_RGS180_0_2024-10-31T17:44:11.173589Z_det0,DET11.SCI,suspicious,983,676,1012,689,999.6428571428571,682.4821428571429,29,13,56.0,0.14854111405835543,2.230769230769231,0.42133899319080914,1.0,23.594983618685312,298,2
EUC_SIR_W-SCIFRM_BKGSUB_2681_11832_3_RGS180_0_2024-10-31T17:44:11.173589Z_det0,DET11.SCI,suspicious,1626,1081,1647,1111,1635.5411764705882,1095.3647058823528,21,30,85.0,0.1349206349206349,0.7,0.2750746536609181,1.0,23.381345561178037,299,2
EUC_SIR_W-SCIFRM_BKGSUB_2681_11832_3_RGS180_0_2024-10-31T17:44:11.173589Z_det0,DET11.SCI,suspicious,536,1766,569,1781,546.0625,1772.984375,33,15,64.0,0.1292929292929293,2.2,0.33071615131984944,1.0,21.165833684470364,301,2
EUC_SIR_W-SCIFRM_BKGSUB_2681_11832_3_RGS180_0_2024-10-31T17:44:11.173589Z_det0,DET11.SCI,suspicious,1656,212,1684,248,1669.1492537313434,232.19402985074626,28,36,67.0,0.06646825396825397,0.7777777777777778,0.2862245377926296,0.9737364946890544,19.17704403210618,353,2
EUC_SIR_W-SCIFRM_BKGSUB_2681_11832_3_RGS180_0_2024-10-31T17:44:11.173589Z_det0,DET11.SCI,suspicious,150,1432,168,1465,158.58823529411765,1451.5441176470588,18,33,68.0,0.11447811447811448,0.5454545454545454,0.2792174936635716,0.9449262959684928,18.98678956912287,361,2
EUC_SIR_W-SCIFRM_BKGSUB_2681_11832_3_RGS180_0_2024-10-31T17:44:11.173589Z_det0,DET11.SCI,suspicious,651,760,677,791,663.8082191780821,774.972602739726,26,31,73.0,0.09057071960297766,0.8387096774193549,0.2570387023222887,0.7703369391431191,18.763825269527075,368,2
EUC_SIR_W-SCIFRM_BKGSUB_2681_11832_3_RGS180_0_2024-10-31T17:44:11.173589Z_det0,DET11.SCI,confirmed ZO,1265,106,1288,132,1274.6171617161717,116.25082508250826,23,26,303.0,0.5066889632107023,0.8846153846153846,0.6338491802535928,1.0,192.05630161683862,8,1
EUC_SIR_W-SCIFRM_BKGSUB_2681_11832_3_RGS180_0_2024-10-31T17:44:11.173589Z_det0,DET11.SCI,confirmed ZO,1412,1948,1435,1974,1422.16,1961.21,23,26,300.0,0.5016722408026756,0.8846153846153846,0.5936500520913457,1.0,178.0950156274037,9,1
EUC_SIR_W-SCIFRM_BKGSUB_2681_11832_3_RGS180_0_2024-10-31T17:44:11.173589Z_det0,DET11.SCI,confirmed ZO,1542,1074,1564,1097,1551.9,1086.5481481481481,22,23,270.0,0.5335968379446641,0.9565217391304348,0.6129339549826516,1.0,165.49216784531592,11,1
EUC_SIR_W-SCIFRM_BKGSUB_2681_11832_3_RGS180_0_2024-10-31T17:44:11.173589Z_det0,DET11.SCI,confirmed ZO,1755,1000,1780,1032,1766.8623376623377,1015.5090909090909,25,32,385.0,0.48125,0.78125,0.42544898922339963,1.0,163.79786085100886,12,1
EUC_SIR_W-SCIFRM_BKGSUB_2681_11832_3_RGS180_0_2024-10-31T17:44:11.173589Z_det0,DET11.SCI,confirmed ZO,882,1076,907,1104,893.3740740740741,1092.3222222222223,25,28,270.0,0.38571428571428573,0.8928571428571429,0.5573101837311777,1.0,150.47374960741797,16,2
EUC_SIR_W-SCIFRM_BKGSUB_2681_11832_3_RGS180_0_2024-10-31T17:44:11.173589Z_det0,DET11.SCI,confirmed ZO,832,421,855,443,842.3066037735849,431.58962264150944,23,22,212.0,0.4189723320158103,1.0454545454545454,0.5198285508090732,1.0,110.20365277152352,27,1
EUC_SIR_W-SCIFRM_BKGSUB_2681_11832_3_RGS180_0_2024-10-31T17:44:11.173589Z_det0,DET11.SCI,confirmed ZO,1833,1213,1857,1230,1844.388888888889,1220.3271604938273,24,17,162.0,0.39705882352941174,1.411764705882353,0.5610599875789952,1.0,90.89171798779722,35,1
EUC_SIR_W-SCIFRM_BKGSUB_2681_11832_3_RGS180_0_2024-10-31T17:44:11.173589Z_det0,DET11.SCI,confirmed ZO,945,415,966,432,955.7125,421.7,21,17,160.0,0.4481792717086835,1.2352941176470589,0.5388983950606445,1.0,86.22374320970312,39,1
EUC_SIR_W-SCIFRM_BKGSUB_2681_11832_3_RGS180_0_2024-10-31T17:44:11.173589Z_det0,DET11.SCI,confirmed ZO,1638,1313,1662,1331,1649.275,1320.525,24,18,160.0,0.37037037037037035,1.3333333333333333,0.5217387742001479,1.0,83.47820387202367,41,1
EUC_SIR_W-SCIFRM_BKGSUB_2681_11832_3_RGS180_0_2024-10-31T17:44:11.173589Z_det0,DET11.SCI,confirmed ZO,1594,1207,1615,1220,1603.8861788617887,1213.5447154471544,21,13,123.0,0.45054945054945056,1.6153846153846154,0.6201244873063904,1.0,76.27531193868602,43,1
EUC_SIR_W-SCIFRM_BKGSUB_2681_11832_3_RGS180_0_2024-10-31T17:44:11.173589Z_det0,DET11.SCI,confirmed ZO,1422,631,1446,655,1432.4744186046512,639.9255813953488,24,24,215.0,0.3732638888888889,1.0,0.4802660367585554,1.0,103.2571979030894,45,2
EUC_SIR_W-SCIFRM_BKGSUB_2681_11832_3_RGS180_0_2024-10-31T17:44:11.173589Z_det0,DET11.SCI,confirmed ZO,1607,769,1627,781,1615.6454545454546,773.9090909090909,20,12,110.0,0.4583333333333333,1.6666666666666667,0.5522329396059148,1.0,60.745623356650626,54,1
EUC_SIR_W-SCIFRM_BKGSUB_2681_11832_3_RGS180_0_2024-10-31T17:44:11.173589Z_det0,DET11.SCI,confirmed ZO,1770,574,1791,584,1779.28,578.68,21,10,100.0,0.47619047619047616,2.1,0.5967727873416631,1.0,59.67727873416631,57,1
EUC_SIR_W-SCIFRM_BKGSUB_2681_11832_3_RGS180_0_2024-10-31T17:44:11.173589Z_det0,DET11.SCI,confirmed ZO,1386,466,1409,475,1396.5,469.8333333333333,23,9,114.0,0.5507246376811594,2.5555555555555554,0.5133936194931618,1.0,58.52687262222044,59,1
EUC_SIR_W-SCIFRM_BKGSUB_2681_11832_3_RGS180_0_2024-10-31T17:44:11.173589Z_det0,DET11.SCI,confirmed ZO,865,942,887,956,876.2363636363636,949.4454545454546,22,14,110.0,0.35714285714285715,1.5714285714285714,0.5281442803550933,1.0,58.09587083906026,60,1
EUC_SIR_W-SCIFRM_BKGSUB_2681_11832_3_RGS180_0_2024-10-31T17:44:11.173589Z_det0,DET11.SCI,confirmed ZO,1640,943,1661,953,1650.3033707865168,948.4719101123595,21,10,89.0,0.4238095238095238,2.1,0.6388886806599702,1.0,56.86109257873735,61,1
EUC_SIR_W-SCIFRM_BKGSUB_2681_11832_3_RGS180_0_2024-10-31T17:44:11.173589Z_det0,DET11.SCI,confirmed ZO,1491,942,1511,954,1499.6333333333334,946.1555555555556,20,12,90.0,0.375,1.6666666666666667,0.6300501873189899,1.0,56.70451685870909,64,1
EUC_SIR_W-SCIFRM_BKGSUB_2681_11832_3_RGS180_0_2024-10-31T17:44:11.173589Z_det0,DET11.SCI,confirmed ZO,1189,961,1210,974,1197.6880733944954,966.9908256880734,21,13,109.0,0.3992673992673993,1.6153846153846154,0.5187521178606929,1.0,56.54398084681552,66,1
EUC_SIR_W-SCIFRM_BKGSUB_2681_11832_3_RGS180_0_2024-10-31T17:44:11.173589Z_det0,DET11.SCI,confirmed ZO,836,1237,857,1249,846.8666666666667,1243.4952380952382,21,12,105.0,0.4166666666666667,1.75,0.4098421709114817,1.0,43.033427945705576,89,1
EUC_SIR_W-SCIFRM_BKGSUB_2681_11832_3_RGS180_0_2024-10-31T17:44:11.173589Z_det0,DET11.SCI,confirmed ZO,1110,1484,1133,1494,1120.372340425532,1488.0851063829787,23,10,94.0,0.40869565217391307,2.3,0.6047881802053093,1.0,56.85008893929908,102,2
EUC_SIR_W-SCIFRM_BKGSUB_2681_11832_3_RGS180_0_2024-10-31T17:44:11.173589Z_det0,DET11.SCI,confirmed ZO,1599,342,1621,356,1607.4901960784314,347.7843137254902,22,14,102.0,0.33116883116883117,1.5714285714285714,0.2877701193314654,0.9768901929442386,29.35255217180947,124,1
EUC_SIR_W-SCIFRM_BKGSUB_2681_11832_3_RGS180_0_2024-10-31T17:44:11.173589Z_det0,DET11.SCI,confirmed ZO,1092,1757,1114,1767,1101.1954022988505,1761.6896551724137,22,10,87.0,0.39545454545454545,2.2,0.5464692297265304,1.0,47.54282298620815,133,2
EUC_SIR_W-SCIFRM_BKGSUB_2681_11832_3_RGS180_0_2024-10-31T17:44:11.173589Z_det0,DET11.SCI,confirmed ZO,1796,1980,1816,1987,1803.9342105263158,1982.8157894736842,20,7,76.0,0.5428571428571428,2.857142857142857,0.5640777342650515,1.0,42.869907804143914,139,2
EUC_SIR_W-SCIFRM_BKGSUB_2681_11832_3_RGS180_0_2024-10-31T17:44:11.173589Z_det0,DET11.SCI,confirmed ZO,1307,213,1328,222,1316.2602739726028,217.95890410958904,21,9,73.0,0.3862433862433862,2.3333333333333335,0.522865743782324,1.0,38.16919929610965,149,2
EUC_SIR_W-SCIFRM_BKGSUB_2681_11832_3_RGS180_0_2024-10-31T17:44:11.173589Z_det0,DET11.SCI,confirmed ZO,889,1272,910,1283,898.3456790123457,1276.851851851852,21,11,81.0,0.35064935064935066,1.9090909090909092,0.49021490152537645,1.0,39.70740702355549,162,2
EUC_SIR_W-SCIFRM_BKGSUB_2681_11832_3_RGS180_0_2024-10-31T17:44:11.173589Z_det0,DET11.SCI,confirmed ZO,1968,866,2015,876,1995.017543859649,870.6842105263158,47,10,114.0,0.2425531914893617,4.7,0.46701580849193486,1.0,53.23980216808057,169,3
EUC_SIR_W-SCIFRM_BKGSUB_2681_11832_3_RGS180_0_2024-10-31T17:44:11.173589Z_det0,DET11.SCI,confirmed ZO,986,821,1008,830,996.5176470588235,825.6705882352941,22,9,85.0,0.4292929292929293,2.4444444444444446,0.441108672954745,1.0,37.494237201153325,170,2
EUC_SIR_W-SCIFRM_BKGSUB_2681_11832_3_RGS180_0_2024-10-31T17:44:11.173589Z_det0,DET11.SCI,confirmed ZO,1130,1536,1149,1545,1137.7121212121212,1540.0454545454545,19,9,66.0,0.38596491228070173,2.111111111111111,0.542008706048235,1.0,35.772574599183514,174,2
EUC_SIR_W-SCIFRM_BKGSUB_2681_11832_3_RGS180_0_2024-10-31T17:44:11.173589Z_det0,DET11.SCI,confirmed ZO,1002,904,1022,913,1010.1029411764706,908.5882352941177,20,9,68.0,0.37777777777777777,2.2222222222222223,0.5178923018121094,1.0,35.21667652322344,175,2
EUC_SIR_W-SCIFRM_BKGSUB_2681_11832_3_RGS180_0_2024-10-31T17:44:11.173589Z_det0,DET11.SCI,confirmed ZO,999,422,1020,431,1009.0571428571428,426.87142857142857,21,9,70.0,0.37037037037037035,2.3333333333333335,0.5354388978941929,1.0,37.4807228525935,190,2
EUC_SIR_W-SCIFRM_BKGSUB_2681_11832_3_RGS180_0_2024-10-31T17:44:11.173589Z_det0,DET11.SCI,confirmed ZO,1662,1272,1683,1278,1671.7285714285715,1274.4857142857143,21,6,70.0,0.5555555555555556,3.5,0.5025567166847906,1.0,35.17897016793535,195,2
EUC_SIR_W-SCIFRM_BKGSUB_2681_11832_3_RGS180_0_2024-10-31T17:44:11.173589Z_det0,DET11.SCI,confirmed ZO,1119,924,1139,930,1127.5272727272727,926.8727272727273,20,6,55.0,0.4583333333333333,3.3333333333333335,0.5187393954170189,1.0,28.53066674793604,204,2
EUC_SIR_W-SCIFRM_BKGSUB_2681_11832_3_RGS180_0_2024-10-31T17:44:11.173589Z_det0,DET11.SCI,confirmed ZO,1847,1591,1864,1598,1853.5681818181818,1593.5227272727273,17,7,44.0,0.3697478991596639,2.4285714285714284,0.38700223390391847,1.0,17.028098291772412,218,1
EUC_SIR_W-SCIFRM_BKGSUB_2681_11832_3_RGS180_0_2024-10-31T17:44:11.173589Z_det0,DET11.SCI,confirmed ZO,1378,1224,1399,1231,1388.235294117647,1227.2058823529412,21,7,68.0,0.46258503401360546,3.0,0.4722472193735281,1.0,32.11281091739991,223,2
EUC_SIR_W-SCIFRM_BKGSUB_2681_11832_3_RGS180_0_2024-10-31T17:44:11.173589Z_det0,DET11.SCI,confirmed ZO,1591,113,1610,120,1599.4264705882354,116.01470588235294,19,7,68.0,0.5112781954887218,2.7142857142857144,0.43068647502658947,1.0,29.286680301808083,224,2
EUC_SIR_W-SCIFRM_BKGSUB_2681_11832_3_RGS180_0_2024-10-31T17:44:11.173589Z_det0,DET11.SCI,confirmed ZO,1283,1362,1293,1369,1286.953488372093,1364.5348837209303,10,7,43.0,0.6142857142857143,1.4285714285714286,0.37607774738354377,0.861276857745936,16.171343137492382,232,1
EUC_SIR_W-SCIFRM_BKGSUB_2681_11832_3_RGS180_0_2024-10-31T17:44:11.173589Z_det0,DET11.SCI,confirmed ZO,1279,1926,1299,1935,1289.2142857142858,1929.942857142857,20,9,70.0,0.3888888888888889,2.2222222222222223,0.4207298279388831,1.0,29.451087955721817,243,2
EUC_SIR_W-SCIFRM_BKGSUB_2681_11832_3_RGS180_0_2024-10-31T17:44:11.173589Z_det0,DET11.SCI,confirmed ZO,1476,1296,1495,1304,1483.9444444444443,1299.0740740740741,19,8,54.0,0.35526315789473684,2.375,0.44182492211566954,1.0,23.858545794246155,266,2
EUC_SIR_W-SCIFRM_BKGSUB_2681_11832_3_RGS180_0_2024-10-31T17:44:11.173589Z_det0,DET11.SCI,confirmed ZO,1520,181,1530,187,1524.3333333333333,183.3,10,6,30.0,0.5,1.6666666666666667,0.4443455102349413,1.0,13.330365307048238,274,1
EUC_SIR_W-SCIFRM_BKGSUB_2681_11832_3_RGS180_0_2024-10-31T17:44:11.173589Z_det0,DET11.SCI,confirmed ZO,1042,1488,1052,1494,1046.3055555555557,1490.2222222222222,10,6,36.0,0.6,1.6666666666666667,0.35122764750727753,1.0,12.644195310261992,288,1
EUC_SIR_W-SCIFRM_BKGSUB_2681_11832_3_RGS180_0_2024-10-31T17:44:11.173589Z_det0,DET11.SCI,confirmed ZO,953,849,961,858,956.8536585365854,852.8048780487804,8,9,41.0,0.5694444444444444,0.8888888888888888,0.30537900261883383,0.8324160134277787,12.520539107372187,289,1
EUC_SIR_W-SCIFRM_BKGSUB_2681_11832_3_RGS180_0_2024-10-31T17:44:11.173589Z_det0,DET11.SCI,confirmed ZO,1119,1341,1144,1352,1131.0857142857142,1346.1714285714286,25,11,70.0,0.2545454545454545,2.272727272727273,0.3376103226408528,1.0,23.632722584859696,292,2
EUC_SIR_W-SCIFRM_BKGSUB_2681_11832_3_RGS180_0_2024-10-31T17:44:11.173589Z_det0,DET11.SCI,confirmed ZO,1999,1774,2019,1783,2008.2,1777.8545454545454,20,9,55.0,0.3055555555555556,2.2222222222222223,0.3744011824279427,1.0,20.592065033536848,316,2
EUC_SIR_W-SCIFRM_BKGSUB_2681_11832_3_RGS180_0_2024-10-31T17:44:11.173589Z_det0,DET11.SCI,confirmed ZO,883,130,893,136,887.0625,132.65625,10,6,32.0,0.5333333333333333,1.6666666666666667,0.3322963709285219,1.0,10.6334838697127,325,1
EUC_SIR_W-SCIFRM_BKGSUB_2681_11832_3_RGS180_0_2024-10-31T17:44:11.173589Z_det0,DET11.SCI,confirmed ZO,1606,1462,1614,1468,1609.857142857143,1464.75,8,6,28.0,0.5833333333333334,1.3333333333333333,0.3519289406108283,1.0,9.854010337103192,354,1
EUC_SIR_W-SCIFRM_BKGSUB_2681_11832_3_RGS180_0_2024-10-31T17:44:11.173589Z_det0,DET11.SCI,confirmed ZO,859,67,867,75,862.4054054054054,71.10810810810811,8,8,37.0,0.578125,1.0,0.2655763184787181,0.7393381049043782,9.826323783712569,357,1
EUC_SIR_W-SCIFRM_BKGSUB_2681_11832_3_RGS180_0_2024-10-31T17:44:11.173589Z_det0,DET11.SCI,confirmed ZO,1134,1894,1143,1900,1138.2413793103449,1896.3103448275863,9,6,29.0,0.5370370370370371,1.5,0.3136680605832632,0.7204873784864446,9.096373756914632,379,1
EUC_SIR_W-SCIFRM_BKGSUB_2681_11832_3_RGS180_0_2024-10-31T17:44:11.173589Z_det0,DET11.SCI,confirmed ZO,1491,1852,1501,1860,1494.820512820513,1855.5128205128206,10,8,39.0,0.4875,1.25,0.2255522920713168,0.47294816502625053,8.796539390781355,385,1
